name,rating,price,link
"Crucial BX500 1TB CT1000BX500SSD1-Up to 540 MB/s (Internal SSD, 3D NAND, SATA, 2.5 Inch) , Black",4.8 ,74.18,http://www.amazon.co.uk/Crucial-BX500-CT1000BX500SSD1-Internal-NAND/dp/B07YD579WM/ref=sr_1_3?dchild=1&keywords=ssd+1tb&qid=1623945309&sr=8-3
"Crucial MX500 1 TB CT1000MX500SSD1-Up to 560 MB/s (3D NAND, SATA, 2.5 Inch, Internal SSD), Black",4.8 ,82.93,http://www.amazon.co.uk/Crucial-MX500-CT1000MX500SSD1-NAND-Internal/dp/B078211KBB/ref=sr_1_4?dchild=1&keywords=ssd+1tb&qid=1623945309&sr=8-4
Samsung 870 QVO 1 TB SATA 2.5 Inch Internal Solid State Drive (SSD) (MZ-77Q1T0),4.8 ,91.99,http://www.amazon.co.uk/Samsung-Internal-Solid-State-MZ-77Q1T0/dp/B089QXQ1TV/ref=sr_1_5?dchild=1&keywords=ssd+1tb&qid=1623945309&sr=8-5
WD Blue SN550 1TB High-Performance M.2 Pcie NVMe SSD,4.8 ,83.98,http://www.amazon.co.uk/WD-Blue-SN550-High-Performance-Pcie/dp/B07YFFX5MD/ref=sr_1_6?dchild=1&keywords=ssd+1tb&qid=1623945309&sr=8-6
"Samsung SSD 870 EVO, 1 TB, Form Factor 2.5&rdquo;, Intelligent Turbo Write, Magician 6 Software, Black (Internal SSD)",4.8 ,107.49,http://www.amazon.co.uk/Samsung-Intelligent-Magician-Software-Internal/dp/B08PC5DKZQ/ref=sr_1_7?dchild=1&keywords=ssd+1tb&qid=1623945309&sr=8-7
"WD Blue 3D NAND Internal SSD 2.5 Inch SATA - 1 TB, Blue - High Performance",4.8 ,83.98,http://www.amazon.co.uk/WD-Blue-NAND-Internal-Inch/dp/B073SBQMCX/ref=sr_1_8?dchild=1&keywords=ssd+1tb&qid=1623945309&sr=8-8
Samsung 860 QVO 1 TB SATA 2.5 Inch Internal Solid State Drive (SSD) (MZ-76Q1T0),4.9 ,89.08,http://www.amazon.co.uk/Samsung-SSD-860-QVO-1TB/dp/B07KSHCG3R/ref=sr_1_9?dchild=1&keywords=ssd+1tb&qid=1623945309&sr=8-9
"SanDisk SSD PLUS 1 TB Sata III 2.5 Inch Internal SSD, Up to 535 MB/s, Black",4.8 ,96.98,http://www.amazon.co.uk/SanDisk-SDSSDA-1T00-G26-Internal-Speed-Write/dp/B07D998212/ref=sr_1_10?dchild=1&keywords=ssd+1tb&qid=1623945309&sr=8-10
"Samsung T5 1 TB USB 3.1 Gen 2 (10 Gbps, Type-C) External Solid State Drive (Portable SSD) Deep Black (MU-PA1T0B)",4.8 ,107.80,http://www.amazon.co.uk/Samsung-MU-PA1T0B-Portable-SSD-1TB/dp/B074M774TW/ref=sr_1_12?dchild=1&keywords=ssd+1tb&qid=1623945309&sr=8-12
Samsung 970 EVO Plus 1 TB PCIe NVMe M.2 (2280) Internal Solid State Drive (SSD) (MZ-V7S1T0),4.9 ,137.53,http://www.amazon.co.uk/Samsung-MZ-V7S1T0BW-Solid-State-Drive/dp/B07MBQPQ62/ref=sr_1_13?dchild=1&keywords=ssd+1tb&qid=1623945309&sr=8-13
"Crucial P2 CT1000P2SSD8 1 TB Internal SSD, Up to 2400 MB/s (3D NAND, NVMe, PCIe, M.2)",4.7 ,90.39,http://www.amazon.co.uk/Crucial-CT1000P2SSD8-Internal-2400-NAND/dp/B089DNM8LR/ref=sr_1_14?dchild=1&keywords=ssd+1tb&qid=1623945309&sr=8-14
"LEVEN SSD 2.5"" 1TB JS600 retail",4.3 ,70.68,http://www.amazon.co.uk/SSD-1TB-LEVEN-JS600-retail/dp/B07YBYZQ1V/ref=sr_1_15?dchild=1&keywords=ssd+1tb&qid=1623945309&sr=8-15
"WD Green 1 TB Internal SSD 2.5 Inch SATA, Green-Performance",4.7 ,79.96,http://www.amazon.co.uk/Western-Digital-WDS100T2G0A-GREEN-SATA/dp/B07NNRTTCM/ref=sr_1_17?dchild=1&keywords=ssd+1tb&qid=1623945309&sr=8-17
"Crucial CT1000X8SSD9 X8 1 TB Portable SSD – Up to 1050 MB/s – USB 3.2 – External Solid State Drive, USB-C, USB-A , Black",4.6 ,121.52,http://www.amazon.co.uk/Crucial-CT1000X8SSD9-Portable-USB-C-Black/dp/B07YD5TK4F/ref=sr_1_18?dchild=1&keywords=ssd+1tb&qid=1623945309&sr=8-18
"Crucial P5 1 TB CT1000P5SSD8 Internal Solid State Drive-up to 3400 MB/s (3D NAND, NVMe, PCIe, M.2, 2280SS) , Black",4.8 ,117.57,http://www.amazon.co.uk/Crucial-CT1000P5SSD8-Internal-Drive-up-2280SS/dp/B087QRVVVH/ref=sr_1_19?dchild=1&keywords=ssd+1tb&qid=1623945309&sr=8-19
WD_BLACK SN750 1TB High-Performance NVMe Internal Gaming SSD,4.9 ,104.98,http://www.amazon.co.uk/Black-SN750-High-Performance-Internal-Gaming/dp/B07M64QXMN/ref=sr_1_20?dchild=1&keywords=ssd+1tb&qid=1623945309&sr=8-20
Sabrent Rocket Q 1TB NVMe PCIe M.2 2280 Internal SSD High Performance Solid State Drive R/W 3200/2000MB/s (SB-RKTQ-1TB),4.8 ,N/A,http://www.amazon.co.uk/Sabrent-Rocket-Internal-Performance-SB-RKTQ-1TB/dp/B07ZZYWTBP/ref=sr_1_17?dchild=1&keywords=ssd+1tb&qid=1623945315&sr=8-17
Samsung 980 1 TB PCIe 3.0 (up to 3.500 MB/s) NVMe M.2 Internal Solid State Drive (SSD) (MZ-V8V1T0BW),4.8 ,118.97,http://www.amazon.co.uk/Samsung-3-500-Internal-Solid-MZ-V8V1T0BW/dp/B08TJ2649W/ref=sr_1_18?dchild=1&keywords=ssd+1tb&qid=1623945315&sr=8-18
"Seagate BarraCuda Q5 1 TB Internal SSD - M.2 NVMe PCIe Gen3 ×4, 3D QLC for Desktop or Laptop, 1-year Rescue Services (ZP1000CV3A001)",4.5 ,89.98,http://www.amazon.co.uk/Seagate-BarraCuda-TB-Internal-ZP1000CV3A001/dp/B08LB5LQ65/ref=sr_1_19?dchild=1&keywords=ssd+1tb&qid=1623945315&sr=8-19
ADATA XPG Gammix S50 Lite 1TB SSD PCIe 4.0 x4 M.2 2280,5.0 ,N/A,http://www.amazon.co.uk/ADATA-Gammix-S50-Lite-PCIe/dp/B08HVZWGPP/ref=sr_1_20?dchild=1&keywords=ssd+1tb&qid=1623945315&sr=8-20
"Corsair MP600 CORE 1TB M.2 NVMe PCIe x4 Gen4 SSD (Up to 4,700MB/sec Sequential Read & 1,950MB/sec Sequential Write Speeds, High-Speed Interface, 3D QLC NAND, Built-in Heatspreader) Aluminum",4.4 ,127.98,http://www.amazon.co.uk/Corsair-Sequential-High-Speed-Interface-Heatspreader/dp/B08TB1R595/ref=sr_1_21?dchild=1&keywords=ssd+1tb&qid=1623945315&sr=8-21
"Corsair MP400 1TB M.2 NVMe PCIe x4 Gen3 SSD (Sequential Read Speeds of up to 3,480 MB/s, Write Speeds of up to 1,880 MB/s, High-Density 3D QLC NAND) Black",4.7 ,N/A,http://www.amazon.co.uk/Corsair-Sequential-High-Density-Written-Endurance/dp/B08JV25ZL3/ref=sr_1_22?dchild=1&keywords=ssd+1tb&qid=1623945315&sr=8-22
"Seagate FireCuda 510 Gaming SSD, 1 TB, Performance Internal Solid State Drive, NVMe 1.3, 3450 MB/s, 3D TLC NAND, PCIe Gen3 x4, 3 Years Rescue Services (ZP1000GM3A011)",4.7 ,N/A,http://www.amazon.co.uk/Seagate-FireCuda-Performance-Internal-ZP1000GM3A011/dp/B08R7C1312/ref=sr_1_23?dchild=1&keywords=ssd+1tb&qid=1623945315&sr=8-23
PNY CS1030 1TB M.2 NVMe PCIe Gen3 x4 Internal Solid State Drive (SSD) - M280CS1030-1TB-RB,4.8 ,80.37,http://www.amazon.co.uk/PNY-CS1030-Internal-Solid-State/dp/B08M49JGKB/ref=sr_1_24?dchild=1&keywords=ssd+1tb&qid=1623945315&sr=8-24
"Timetec 1TB SSD 3D NAND SATA III 6Gb/s 2.5 Inch 7mm (0.28"") 800TBW Read Speed Up to 530 MB/s SLC Cache Performance Boost Internal Solid State Drive (1TB)",4.7 ,N/A,http://www.amazon.co.uk/Timetec-800TBW-Speed-Performance-Internal/dp/B08GJCS69D/ref=sr_1_25?dchild=1&keywords=ssd+1tb&qid=1623945315&sr=8-25
PNY CS900 960GB Internal SSD Series 2.5 SATA III,4.7 ,72.48,http://www.amazon.co.uk/PNY-CS900-Disque-Flash-Interne/dp/B078ZST42K/ref=sr_1_26?dchild=1&keywords=ssd+1tb&qid=1623945315&sr=8-26
Samsung 860 EVO 1 TB SATA M.2 (2280) Internal Solid State Drive (SSD) (MZ-N6E1T0),4.8 ,95.18,http://www.amazon.co.uk/Samsung-Sata-Solid-State-Drive/dp/B078WQT6SB/ref=sr_1_27?dchild=1&keywords=ssd+1tb&qid=1623945315&sr=8-27
"Kingston A400 SSD SA400S37/960G - Internal Solid State Drive 2.5 Inch SATA, 960 GB , Black",4.8 ,77.21,http://www.amazon.co.uk/Kingston-A400-Solid-State-Drive/dp/B079XC5PVV/ref=sr_1_28?dchild=1&keywords=ssd+1tb&qid=1623945315&sr=8-28
Western Digital Blue SN550 M.2-2280 2TB PCI Express 3.0 x4 NVMe Solid State Drive,4.6 ,N/A,http://www.amazon.co.uk/Western-Digital-SN550-M-2-2280-Express/dp/B08K4NP5DQ/ref=sr_1_29?dchild=1&keywords=ssd+1tb&qid=1623945315&sr=8-29
WD Blue SN550 250GB High-Performance M.2 Pcie NVMe SSD,4.8 ,36.83,http://www.amazon.co.uk/Blue-SN550-250GB-High-Performance-Pcie/dp/B07YFF8879/ref=sr_1_30?dchild=1&keywords=ssd+1tb&qid=1623945315&sr=8-30
WD_BLACK P10 2TB Game Drive for On-The-Go Access To Your Game Library - Works with Console or PC,4.8 ,67.99,http://www.amazon.co.uk/WD_Black-Game-Drive-Access-Library/dp/B07VMTNDMK/ref=sr_1_31?dchild=1&keywords=ssd+1tb&qid=1623945315&sr=8-31
Samsung 980 PRO 1 TB PCIe 4.0 M.2,4.8 ,182.99,http://www.amazon.co.uk/Samsung-7-000-Internes-Solid-MZ-V8P1T0BW/dp/B08GS7748F/ref=sr_1_32?dchild=1&keywords=ssd+1tb&qid=1623945315&sr=8-32
Sabrent 1TB Rocket NVMe PCIe M.2 2280 Internal SSD High Performance Solid State Drive (SB-ROCKET-1TB),4.8 ,N/A,http://www.amazon.co.uk/Sabrent-Rocket-Internal-Performance-SB-ROCKET-1TB/dp/B07LGF54XR/ref=sr_1_35?dchild=1&keywords=ssd+1tb&qid=1623945321&sr=8-35
"Corsair MP600 PRO 1TB M.2 NVMe PCIe x4 Gen4 SSD (Up to 7,000MB/sec Sequential Read & 5,500MB/sec Sequential Write Speeds, High-Speed Interface, 3D TLC NAND, Built-in Heatspreader) Black",4.6 ,179.99,http://www.amazon.co.uk/Corsair-Sequential-High-Speed-Interface-Heatspreader/dp/B08T9ZNSFN/ref=sr_1_36?dchild=1&keywords=ssd+1tb&qid=1623945321&sr=8-36
"LEVEN SSD 1TB SATA III 6Gb/s, 2.5 inch / 7 mm (0.28 inch), internal solid state drive - up to 500 MB/s - suitable for laptop and desktop - (JS600SSD1TB)",N/A,77.32,http://www.amazon.co.uk/LEVEN-internal-solid-state-drive/dp/B08HMTBPGS/ref=sr_1_37?dchild=1&keywords=ssd+1tb&qid=1623945321&sr=8-37
SanDisk SDSSDH3-500G-G25 SSD Ultra 3D + Installation and Upgrade Kit,4.8 ,77.98,http://www.amazon.co.uk/SanDisk-SDSSDH3-500G-G25-Ultra-Installation-Upgrade/dp/B076B4X8XZ/ref=sr_1_38?dchild=1&keywords=ssd+1tb&qid=1623945321&sr=8-38
"LaCie Portable SSD 1 TB Solid State Drive — USB-C USB 3.0, for Mac and PC Desktop, 1 Month Adobe CC (STHK1000800)",4.6 ,132.48,http://www.amazon.co.uk/LaCie-Portable-USB-C-External-Solid/dp/B07JJH3WG5/ref=sr_1_39?dchild=1&keywords=ssd+1tb&qid=1623945321&sr=8-39
"Crucial MX500 1 TB CT1000MX500SSD4-Up to 560 MB/s (3D NAND, SATA, M.2 Type 2280SS, Internal SSD)",4.7 ,131.80,http://www.amazon.co.uk/Crucial-MX500-CT1000MX500SSD4-2280SS-Internal/dp/B0784SY515/ref=sr_1_40?dchild=1&keywords=ssd+1tb&qid=1623945321&sr=8-40
"SSD M.2 2242 512GB KINGDATA Internal Solid State Drive for Desktop Laptop SATA III 6Gb/s 1tb 500gb 250gb 120gb High Performance Hard Drive(512GB,M.2 2242)",4.8 ,63.60,http://www.amazon.co.uk/M-2-2242-KINGDATA-Internal-Performance/dp/B08GPJN45F/ref=sr_1_41?dchild=1&keywords=ssd+1tb&qid=1623945321&sr=8-41
Seagate BarraCuda 510 1TB SSD Internal Solid State Drive – Pcie NVMe 3D TLC NAND for Gaming PC Gaming Laptop Desktop (ZP1000CM30001),4.5 ,N/A,http://www.amazon.co.uk/Seagate-BarraCuda-Internal-Solid-State/dp/B08146P2YC/ref=sr_1_42?dchild=1&keywords=ssd+1tb&qid=1623945321&sr=8-42
Netac NVMe SSD 1TB 2280mm High Performance Internal Solid State Drive (SSD) PCIe 1TB Black,4.6 ,N/A,http://www.amazon.co.uk/Netac-2280mm-Performance-Internal-Solid/dp/B0922FBX5S/ref=sr_1_44?dchild=1&keywords=ssd+1tb&qid=1623945321&sr=8-44
"Seagate Game Drive for Xbox, 2 TB, External Hard Drive Portable HDD, Designed for Xbox One, and Two-year Rescue Services (STEA2000403) , Green",4.8 ,62.99,http://www.amazon.co.uk/Seagate-Game-Drive-Portable-External/dp/B01065S79E/ref=sr_1_45?dchild=1&keywords=ssd+1tb&qid=1623945321&sr=8-45
Gigabyte AORUS Gen4 7000s 1TB NVMe Solid State Drive (PCI-Express 4.0 x4),5.0 ,189.99,http://www.amazon.co.uk/Gigabyte-AORUS-7000s-Solid-PCI-Express/dp/B08ZDHBLTP/ref=sr_1_46?dchild=1&keywords=ssd+1tb&qid=1623945321&sr=8-46
"Corsair MP600 1TB M.2 NVMe PCIe x4 Gen4 SSD (Sequential Read Speeds of up to 4,950 MB/s and Write Speeds of up to 4,250 MB/s) Black",4.8 ,N/A,http://www.amazon.co.uk/Corsair-MP600-High-speed-Sequential-Speeds/dp/B07SQZYW2V/ref=sr_1_47?dchild=1&keywords=ssd+1tb&qid=1623945321&sr=8-47
"ADATA XPG SX8200 Pro 1TB M.2 Gaming Solid State Drive (SSD), black",4.8 ,N/A,http://www.amazon.co.uk/ADATA-SX8200-Gaming-Solid-State/dp/B07K1J3C23/ref=sr_1_49?dchild=1&keywords=ssd+1tb&qid=1623945321&sr=8-49
PNY CS2130 M.2 NVMe Internal Solid State Drive (SSD) 1TB - up to 3500 MB/s,4.8 ,85.48,http://www.amazon.co.uk/PNY-CS2130-Internal-Solid-State/dp/B0869B4Q66/ref=sr_1_50?dchild=1&keywords=ssd+1tb&qid=1623945321&sr=8-50
"Kingston KC600 SSD SKC600B/1024G Internal SSD 2.5 Inch, SATA Rev 3.0, 3D TLC, XTS-AES 256-bit Encryption - with Upgrade Kit",4.8 ,138.48,http://www.amazon.co.uk/Kingston-SKC600B-1024G-Internal-Encryption/dp/B08144LC8J/ref=sr_1_51?dchild=1&keywords=ssd+1tb&qid=1623945321&sr=8-51
"INDMEM 1TB NVMe PCIe SSD with Screwdriver Hard Drive Replacement for MacBook Pro Retina Late 2013 - Mid 2015, MacBook Air Mid 2013-2017, iMac Late 2013-2017, Mac Pro Late 2013, Mac Mini Late 2014",4.5 ,N/A,http://www.amazon.co.uk/INDMEM-Screwdriver-Replacement-MacBook-Retina/dp/B08PK6VCVS/ref=sr_1_52?dchild=1&keywords=ssd+1tb&qid=1623945321&sr=8-52
"WD_BLACK SN850 1TB NVMe Internal Gaming SSD; PCIe Gen4 Technology, up to 7000 MB/s read speeds, M.2 2280",4.7 ,169.99,http://www.amazon.co.uk/WD_BLACK-Internal-Gaming-Technology-speeds/dp/B08KFS6THF/ref=sr_1_51?dchild=1&keywords=ssd+1tb&qid=1623945327&sr=8-51
Intel SSDPEKNW010T8X1 Solid-State Drive 600p Series - Solid state drive - encrypted - 1 TB - internal - M.2 2280 - PCI Express 3.0 x4 (NVMe) - 256-bit AES:: (Components > SSD Solid State Drive),4.9 ,102.18,http://www.amazon.co.uk/Intel-SSDPEKNW010T8X1-Solid-State-Drive-600p-Noir/dp/B07GCL6BR4/ref=sr_1_52?dchild=1&keywords=ssd+1tb&qid=1623945327&sr=8-52
Lyntex SSD 240GB 480GB 1TB 2.5 Inch SSD SATAIII 6GB/s Up To 550MB/s Internal Solid State Drive for Notebook Tablet Desktop PC Computer Upgrades to Speed up Game Updates (240GB),5.0 ,N/A,http://www.amazon.co.uk/Lyntex-Internal-Notebook-Computer-Upgrades/dp/B0928W4M55/ref=sr_1_53?dchild=1&keywords=ssd+1tb&qid=1623945327&sr=8-53
Sabrent 1TB Rocket Nvme PCIe 4.0  M.2 2280 Internal SSD Maximum Performance Solid State Drive (SB-ROCKET-NVMe4-1TB),4.8 ,N/A,http://www.amazon.co.uk/Sabrent-Internal-Maximum-Performance-SB-ROCKET-NVMe4-1TB/dp/B07TLYWMYW/ref=sr_1_54?dchild=1&keywords=ssd+1tb&qid=1623945327&sr=8-54
WD Blue SN550 500GB High-Performance M.2 Pcie NVMe SSD,4.8 ,50.09,http://www.amazon.co.uk/Blue-SN550-500GB-High-Performance-Pcie/dp/B07YFF3JCN/ref=sr_1_55?dchild=1&keywords=ssd+1tb&qid=1623945327&sr=8-55
"SanDisk SDSSDXPM2-1T00-G25 Extreme PRO 1 TB M.2 NVMe 3D SSD, Black",4.8 ,120.37,http://www.amazon.co.uk/SanDisk-SDSSDXPM2-1T00-G25-Extreme-NVMe-Black/dp/B07BSV7R67/ref=sr_1_56?dchild=1&keywords=ssd+1tb&qid=1623945327&sr=8-56
"Silicon Power SP010TBPHDA60S3K 1 TB Rugged Armor A60 Shockproof Water-Resistant 2.5-Inch USB 3.0 External Portable Hard Drive, Military Grade MIL-STD-810G and IPX4, Black",4.7 ,45.70,http://www.amazon.co.uk/Silicon-Power-SP010TBPHDA60S3K-Water-Resistant-MIL-STD-810G/dp/B00LEH3LZE/ref=sr_1_57?dchild=1&keywords=ssd+1tb&qid=1623945327&sr=8-57
"OWC 1.0TB Aura Pro X2 SSD for MacBook Air (Mid 2013-2017), and MacBook Pro (Retina, Late 2013 - Mid 2015) computers (OWCS3DAPT4MB10)",4.5 ,225.00,http://www.amazon.co.uk/OWC-OWCS3DAPT4MB10-Upgrade-Onwards-Select/dp/B07QDPD1XY/ref=sr_1_58?dchild=1&keywords=ssd+1tb&qid=1623945327&sr=8-58
"ADATA Ultimate SU800 1TB Solid State Drive (SSD), black",4.7 ,83.90,http://www.amazon.co.uk/ADATA-Ultimate-SU800-1TB-Serial/dp/B01K8A29E6/ref=sr_1_60?dchild=1&keywords=ssd+1tb&qid=1623945327&sr=8-60
"WD_BLACK SN750 1TB High-Performance NVMe Internal Gaming SSD, with Heatsink",4.8 ,N/A,http://www.amazon.co.uk/Black-High-Performance-Internal-Gaming-Heatsink/dp/B07MQ468S8/ref=sr_1_61?dchild=1&keywords=ssd+1tb&qid=1623945327&sr=8-61
"ADATA XPG S40G 1TB RGB M.2 Internal Solid State Drive Gaming-SSD Hard Disk, black, AS40G-1TT-C",4.6 ,133.21,http://www.amazon.co.uk/ADATA-Internal-Solid-State-Gaming-SSD/dp/B07SKG68CB/ref=sr_1_62?dchild=1&keywords=ssd+1tb&qid=1623945327&sr=8-62
"Crucial P1 1 TB CT1000P1SSD8 Internal Solid State Drive-up to 2000 MB/s (3D NAND, NVMe, PCIe, M.2), Black",4.8 ,93.46,http://www.amazon.co.uk/Crucial-CT1000P1SSD8-Solid-State-Drive/dp/B07J2Q4SWZ/ref=sr_1_63?dchild=1&keywords=ssd+1tb&qid=1623945327&sr=8-63
"Kingston A2000 (SA2000M8/1000G) SSD NVMe PCIe M.2 2280, 1 TB",4.8 ,85.30,http://www.amazon.co.uk/Kingston-A2000-SA2000M8-1000G-NVMe/dp/B07VXC9QMH/ref=sr_1_65?dchild=1&keywords=ssd+1tb&qid=1623945327&sr=8-65
"Seagate IronWolf 125 SSD, 1 TB, Internal NAS Solid State Drive, SATA 6GB/s 2.5 Inches, up to 560MB/s Black with Three-year Rescue Services (ZA1000NM1A002)",4.7 ,118.49,http://www.amazon.co.uk/Seagate-IronWolf-Internal-Three-year-ZA1000NM1A002/dp/B08H55CXVC/ref=sr_1_66?dchild=1&keywords=ssd+1tb&qid=1623945327&sr=8-66
"SAMSUNG SSD 860 1TB 2.5"" SERIAL ATA III V-NAND MLC MZ-76Q1T0BW",4.4 ,126.68,http://www.amazon.co.uk/Samsung-MZ-76Q1T0BW-860-QVO-SATA/dp/B07MT4WLN3/ref=sr_1_67?dchild=1&keywords=ssd+1tb&qid=1623945327&sr=8-67
"WD_BLACK AN1500 1TB NVMe SSD Add-In-Card,  read speed up to 6500MB/s & write speed up to 4100MB/s",N/A,N/A,http://www.amazon.co.uk/WD_BLACK-AN1500-Card-6500MB-4100MB/dp/B08HBPMPZ2/ref=sr_1_68?dchild=1&keywords=ssd+1tb&qid=1623945327&sr=8-68
Intenso 2.5 Inch SSD SATA III Top Performance 1 TB,4.7 ,84.44,http://www.amazon.co.uk/Intenso-1TB-SATA-Performance-Inch/dp/B07V9L4YYT/ref=sr_1_67?dchild=1&keywords=ssd+1tb&qid=1623945333&sr=8-67
Pioneer 1TB NVMe PCIe M.2 2280 Gen 3x4 Internal Solid State Drive SSD Series (APS-SE20G-1T),4.7 ,N/A,http://www.amazon.co.uk/Pioneer-Internal-Solid-State-Drive/dp/B07P5QFRP2/ref=sr_1_68?dchild=1&keywords=ssd+1tb&qid=1623945333&sr=8-68
Patriot Memory Viper VPN100 M.2 2280 PCIe 1TB - Solid State Drive - VPN100-1TBM28H,4.7 ,122.97,http://www.amazon.co.uk/Patriot-Memory-Viper-VPN100-2280/dp/B07PB2ZZPL/ref=sr_1_69?dchild=1&keywords=ssd+1tb&qid=1623945333&sr=8-69
"Silicon Power PCIe M.2 NVMe SSD 1TB Gen3x4 R/W up to 3, 400/3, 000MB/s internal SSD",4.7 ,114.34,http://www.amazon.co.uk/Silicon-Power-Gen3x4-000MB-internal/dp/B07P9PCCHL/ref=sr_1_70?dchild=1&keywords=ssd+1tb&qid=1623945333&sr=8-70
Kingston KC2500 NVMe PCIe SSD -SKC2500M8/1000G M.2 2280,4.4 ,115.22,http://www.amazon.co.uk/Kingston-KC2500-NVMe-SKC2500M8-1000G/dp/B087QYC363/ref=sr_1_71?dchild=1&keywords=ssd+1tb&qid=1623945333&sr=8-71
Sabrent 1TB Rocket NVMe PCIe M.2 2242 DRAM-less Low Power Internal High Performance SSD (SB-1342-1TB),4.4 ,N/A,http://www.amazon.co.uk/Sabrent-DRAM-less-Internal-Performance-SB-1342-1TB/dp/B07XVTRFF8/ref=sr_1_72?dchild=1&keywords=ssd+1tb&qid=1623945333&sr=8-72
"WD_BLACK SN850 500GB NVMe Internal Gaming SSD; PCIe Gen4 Technology, up to 7000 MB/s read speeds, M.2 2280",4.6 ,108.41,http://www.amazon.co.uk/WD_BLACK-Internal-Gaming-Technology-speeds/dp/B08KFN1KT1/ref=sr_1_73?dchild=1&keywords=ssd+1tb&qid=1623945333&sr=8-73
ASENNO 240GB 250GB 256GB 2.5 Inch SSD With 256M Cache SATAIII 6GB/s Internal Solid State Hard Drive for Notebook Tablet Desktop PC,4.6 ,N/A,http://www.amazon.co.uk/ASENNO-SATAIII-Internal-Notebook-Desktop/dp/B07V9RK93Y/ref=sr_1_74?dchild=1&keywords=ssd+1tb&qid=1623945333&sr=8-74
"WD_BLACK SN750 500GB High-Performance NVMe Internal Gaming SSD, with Heatsink",4.8 ,60.65,http://www.amazon.co.uk/Black-High-Performance-Internal-Gaming-Heatsink/dp/B07MC2Q81D/ref=sr_1_76?dchild=1&keywords=ssd+1tb&qid=1623945333&sr=8-76
KEIBODETRD NGFF M.2 NVME SSD Adapter Card for Laptop,N/A,N/A,http://www.amazon.co.uk/KEIBODETRD-NGFF-NVME-Adapter-Laptop-Black/dp/B07TKLGJB9/ref=sr_1_77?dchild=1&keywords=ssd+1tb&qid=1623945333&sr=8-77
Kingston NV1 NVMe PCIe SSD 500GB M.2 2280 - SNVS/500G,N/A,44.49,http://www.amazon.co.uk/Kingston-NVMe-PCIe-500GB-2280/dp/B091BCQK7B/ref=sr_1_78?dchild=1&keywords=ssd+1tb&qid=1623945333&sr=8-78
"WD Blue WDS250G1B0A 250 GB Internal SSD Solid State Drive, SATA 6 GB/s 2.5 Inch",4.9 ,90.26,http://www.amazon.co.uk/WDS250G1B0A-Internal-Solid-State-Drive/dp/B01LXDQX35/ref=sr_1_79?dchild=1&keywords=ssd+1tb&qid=1623945333&sr=8-79
"OWC 1.0TB Aura Pro X2 SSD Complete Upgrade Solution for Mac Pro (Late 2013), High performance NVMe flash upgrade, including tools, heatsink, and Envoy Pro Enclosure (OWCS3DAPT4MP10K)",4.1 ,308.50,http://www.amazon.co.uk/OWC-Aura-Upgrade-Late-2013/dp/B07QBR1TP9/ref=sr_1_81?dchild=1&keywords=ssd+1tb&qid=1623945333&sr=8-81
"WD_BLACK SN850 1TB NVMe Internal Gaming SSD; PCIe Gen4 Technology, up to 7000 MB/s read speeds, M.2 2280, with Heatsink",N/A,N/A,http://www.amazon.co.uk/WD_BLACK-Internal-Gaming-Technology-Heatsink/dp/B08PHSVW7K/ref=sr_1_82?dchild=1&keywords=ssd+1tb&qid=1623945333&sr=8-82
Seagate Storage Expansion Card for Xbox Series X|S 1TB Solid State Drive - NVMe Expansion SSD for Xbox Series X|S (STJR1000400),4.8 ,N/A,http://www.amazon.co.uk/Seagate-Storage-Expansion-Solid-State/dp/B08K3S6WJM/ref=sr_1_83?dchild=1&keywords=ssd+1tb&qid=1623945333&sr=8-83
WD_BLACK SN750 500GB High-Performance NVMe Internal Gaming SSD,4.8 ,58.49,http://www.amazon.co.uk/Black-SN750-High-Performance-Internal-Gaming/dp/B07MH2P5ZD/ref=sr_1_84?dchild=1&keywords=ssd+1tb&qid=1623945333&sr=8-84
PNY CS900 960GB 2.5” SATA III Internal Solid State Drive (SSD) - (SSD7CS900-960-RB),4.7 ,67.20,http://www.amazon.co.uk/PNY-CS900-960GB-Internal-Solid/dp/B078YM2YX9/ref=sr_1_83?dchild=1&keywords=ssd+1tb&qid=1623945339&sr=8-83
Samsung MZ-N6E1T0BW 860 EVO 1 TB M.2 SATA Internal SSD,4.8 ,N/A,http://www.amazon.co.uk/Samsung-MZ-N6E1T0BW-Internal-SSD-SATA/dp/B07822Z77M/ref=sr_1_84?dchild=1&keywords=ssd+1tb&qid=1623945339&sr=8-84
"Lexar Professional NM700 M.2 2280 PCIe NVMe 256GB SSD, Gaming, Up To 3500MB/s (LNM700-256RB)",4.7 ,68.09,http://www.amazon.co.uk/Lexar-Professional-Gaming-3500MB-LNM700-256RB/dp/B086HQX7SD/ref=sr_1_85?dchild=1&keywords=ssd+1tb&qid=1623945339&sr=8-85
"SSD SATA mSATA 32GB Shark Internal Solid State Drive High Performance Hard Drive for Desktop Laptop SATA III 6Gb/s Includes SSD 16GB 60GB 64GB 120GB 128GB 240GB 250GB 480GB 500GB (32GB, MSATA)",4.4 ,16.79,http://www.amazon.co.uk/mSATA-Internal-Performance-Desktop-Laptop/dp/B07NL488B1/ref=sr_1_86?dchild=1&keywords=ssd+1tb&qid=1623945339&sr=8-86
Seagate FireCuda 1 TB Solid State Hybrid Drive Performance SSHD – 3.5 Inch SATA 6 Gb/s Flash Accelerated 64 MB Cache for Gaming PC Laptop (ST1000DX002),4.5 ,73.00,http://www.amazon.co.uk/Seagate-FireCuda-Internal-Drive-Cache/dp/B01ICLGJ8U/ref=sr_1_87?dchild=1&keywords=ssd+1tb&qid=1623945339&sr=8-87
"TEAMGROUP SSD Team T-FORCE Vulcan 2,5 1TB SATA3",4.7 ,90.77,http://www.amazon.co.uk/TEAMGROUP-T-Force-Vulcan-Internal-Solid/dp/B08F6W1WP3/ref=sr_1_88?dchild=1&keywords=ssd+1tb&qid=1623945339&sr=8-88
"WD_BLACK SN850 1TB NVMe SSD Game Drive, Call of Duty: Black Ops Cold War Special Edition",5.0 ,229.99,http://www.amazon.co.uk/WD_BLACK-SN850-NVMe-Game-Drive/dp/B08NX29S65/ref=sr_1_89?dchild=1&keywords=ssd+1tb&qid=1623945339&sr=8-89
"Disque Dur SSD Intel 660P 1TO M.2 2280 (SSDPEKNW010T8X1) *1605, Black",4.7 ,89.45,http://www.amazon.co.uk/Intel-M-2-2280-Express-Solid-State/dp/B07JBQZ2MG/ref=sr_1_90?dchild=1&keywords=ssd+1tb&qid=1623945339&sr=8-90
Samsung X5 1 TB Thunderbolt3 External Solid State Drive (Portable SSD) (MU-PB1T0B),4.5 ,286.89,http://www.amazon.co.uk/Samsung-PB1T0B-Portable-X5-Thunderbolt-2800-MB/dp/B07GL8MXJF/ref=sr_1_92?dchild=1&keywords=ssd+1tb&qid=1623945339&sr=8-92
"INDMEM NVMe PCIe SSD 512GB with Screwdriver Hard Drive Replacement for MacBook Pro Retina Late 2013 - Mid 2015, MacBook Air Mid 2013-2017, iMac Late 2013-2017, Mac Pro Late 2013, Mac Mini Late 2014",4.5 ,N/A,http://www.amazon.co.uk/INDMEM-Screwdriver-Replacement-MacBook-Retina/dp/B08PKDTCHR/ref=sr_1_93?dchild=1&keywords=ssd+1tb&qid=1623945339&sr=8-93
SSD 670P SERIES 1TB/ M.2 80MM PCIE 3.0 X4/ 3D4/ QLC RETAILPACK,3.0 ,102.43,http://www.amazon.co.uk/SSD-670P-80MM-PCIE-RETAILPACK/dp/B08X4Z4R1Y/ref=sr_1_94?dchild=1&keywords=ssd+1tb&qid=1623945339&sr=8-94
"LEVEN 256GB SSD 3D NAND TLC SATA III 6 Gb/s, 2.5""/7mm (0.28"") Internal Solid State Drive, up to 550MB/s (JS600SSD256GB)",4.7 ,48.47,http://www.amazon.co.uk/SSD-256GB-LEVEN-JS600-retail/dp/B07YBXS2BL/ref=sr_1_95?dchild=1&keywords=ssd+1tb&qid=1623945339&sr=8-95
SK hynix Gold P31 PCIe NVMe Gen3 M.2 2280 Internal SSD - 500GB NVMe - Up to 3500MB/S - Compact M.2 SSD Form Factor SK hynix SSD - Internal Solid State Drive with 128-Layer NAND Flash,5.0 ,60.35,http://www.amazon.co.uk/SK-hynix-Gold-500GB-Internal/dp/B08DK2FB7G/ref=sr_1_97?dchild=1&keywords=ssd+1tb&qid=1623945339&sr=8-97
Team Delta Max 500GB SSD,4.6 ,95.21,http://www.amazon.co.uk/Team-T-FORCE-Delta-Max-500GB/dp/B07WR3R5DH/ref=sr_1_98?dchild=1&keywords=ssd+1tb&qid=1623945339&sr=8-98
Seagate BarraCuda 1 TB Internal Hard Drive HDD – 3.5 Inch SATA 6 Gb/s 7200 RPM 64 MB Cache for Computer Desktop PC (ST1000DM010),4.6 ,N/A,http://www.amazon.co.uk/Seagate-Barracuda-internal-silver-ST1000DM010/dp/B01LY65EVG/ref=sr_1_99?dchild=1&keywords=ssd+1tb&qid=1623945339&sr=8-99
WD_BLACK SN750 250GB High-Performance NVMe Internal Gaming SSD,4.8 ,43.85,http://www.amazon.co.uk/Black-SN750-High-Performance-Internal-Gaming/dp/B07M64R4CR/ref=sr_1_100?dchild=1&keywords=ssd+1tb&qid=1623945339&sr=8-100
"WD_BLACK SN850 1TB NVMe Internal Gaming SSD; PCIe Gen4 Technology, up to 7000 MB/s read speeds, M.2 2280, with Heatsink",N/A,N/A,http://www.amazon.co.uk/WD_BLACK-Internal-Gaming-Technology-Heatsink/dp/B08PHSVW7K/ref=sr_1_99?dchild=1&keywords=ssd+1tb&qid=1623945345&sr=8-99
Seagate Storage Expansion Card for Xbox Series X|S 1TB Solid State Drive - NVMe Expansion SSD for Xbox Series X|S (STJR1000400),4.8 ,N/A,http://www.amazon.co.uk/Seagate-Storage-Expansion-Solid-State/dp/B08K3S6WJM/ref=sr_1_100?dchild=1&keywords=ssd+1tb&qid=1623945345&sr=8-100
WD_BLACK SN750 500GB High-Performance NVMe Internal Gaming SSD,4.8 ,58.49,http://www.amazon.co.uk/Black-SN750-High-Performance-Internal-Gaming/dp/B07MH2P5ZD/ref=sr_1_101?dchild=1&keywords=ssd+1tb&qid=1623945345&sr=8-101
Mushkin Pilot-E – 1TB PCIe NVMe – Opal Data Encryption – M.2 (2280) Internal Solid State Drive (SSD) – Gen3 x4 – 3D TLC - (MKNSSDPE1TB-D8),4.8 ,103.91,http://www.amazon.co.uk/Mushkin-Pilot-Encryption-Internal-MKNSSDPE1TB-D8/dp/B07RD1W6SB/ref=sr_1_102?dchild=1&keywords=ssd+1tb&qid=1623945345&sr=8-102
Seagate BarraCuda 1 TB Internal Hard Drive HDD – 3.5 Inch SATA 6 Gb/s 7200 RPM 64 MB Cache for Computer Desktop PC (ST1000DM010),4.6 ,N/A,http://www.amazon.co.uk/Seagate-Barracuda-internal-silver-ST1000DM010/dp/B01LY65EVG/ref=sr_1_103?dchild=1&keywords=ssd+1tb&qid=1623945345&sr=8-103
SSD M.2 1TB HP EX900 NVMe PCIe 3.0 x 4 1.3,4.7 ,97.99,http://www.amazon.co.uk/SSD-EX900-1TB-M-2-NVMe/dp/B07SXLDJTL/ref=sr_1_104?dchild=1&keywords=ssd+1tb&qid=1623945345&sr=8-104
TEAMGROUP AX2 1TB 2.5 Inch SATA III Internal Solid State Drive SSD (Read Speed up to 540 MB/s) T253A3001T0C101,4.7 ,78.82,http://www.amazon.co.uk/TEAMGROUP-AX2-Internal-Solid-T253A3001T0C101/dp/B08CKFDPJ3/ref=sr_1_105?dchild=1&keywords=ssd+1tb&qid=1623945345&sr=8-105
PNY CS900 960GB 2.5” SATA III Internal Solid State Drive (SSD) - (SSD7CS900-960-RB),4.7 ,67.20,http://www.amazon.co.uk/PNY-CS900-960GB-Internal-Solid/dp/B078YM2YX9/ref=sr_1_106?dchild=1&keywords=ssd+1tb&qid=1623945345&sr=8-106
Samsung MZ-N6E1T0BW 860 EVO 1 TB M.2 SATA Internal SSD,4.8 ,N/A,http://www.amazon.co.uk/Samsung-MZ-N6E1T0BW-Internal-SSD-SATA/dp/B07822Z77M/ref=sr_1_108?dchild=1&keywords=ssd+1tb&qid=1623945345&sr=8-108
"Lexar Professional NM700 M.2 2280 PCIe NVMe 256GB SSD, Gaming, Up To 3500MB/s (LNM700-256RB)",4.7 ,68.09,http://www.amazon.co.uk/Lexar-Professional-Gaming-3500MB-LNM700-256RB/dp/B086HQX7SD/ref=sr_1_109?dchild=1&keywords=ssd+1tb&qid=1623945345&sr=8-109
"OWC 1.0TB Mercury Electra 3G SSD, 2.5"" Serial-ATA 7mm Solid State Drive",4.6 ,129.00,http://www.amazon.co.uk/OWC-Mercury-Electra-1TB-SATA3/dp/B074ZP9BRG/ref=sr_1_110?dchild=1&keywords=ssd+1tb&qid=1623945345&sr=8-110
"Samsung T5 1 TB USB 3.1 Gen 2 (10 Gbps, Type-C) External Solid State Drive (Portable SSD) Metallic Red (MU-PA1T0R)",4.8 ,168.95,http://www.amazon.co.uk/Samsung-Portable-SSD-USB-External/dp/B07QMFP9T9/ref=sr_1_111?dchild=1&keywords=ssd+1tb&qid=1623945345&sr=8-111
"LEVEN SSD 1TB JS600-PRO developed with DRAM cache, high reliability with excellent sequential write speed, long service life - (JS600SSD1TB PRO)",N/A,84.84,http://www.amazon.co.uk/LEVEN-JS600-PRO-developed-reliability-sequential/dp/B094XKN2GF/ref=sr_1_113?dchild=1&keywords=ssd+1tb&qid=1623945345&sr=8-113
"SSD SATA mSATA 32GB Shark Internal Solid State Drive High Performance Hard Drive for Desktop Laptop SATA III 6Gb/s Includes SSD 16GB 60GB 64GB 120GB 128GB 240GB 250GB 480GB 500GB (32GB, MSATA)",4.4 ,16.79,http://www.amazon.co.uk/mSATA-Internal-Performance-Desktop-Laptop/dp/B07NL488B1/ref=sr_1_114?dchild=1&keywords=ssd+1tb&qid=1623945345&sr=8-114
Angelbird Atom X SSDMINI 1TB SSD Hard Drive for Atomos,5.0 ,556.94,http://www.amazon.co.uk/Angelbird-Atom-SSDMINI-Drive-Atomos/dp/B07W11X85R/ref=sr_1_115?dchild=1&keywords=ssd+1tb&qid=1623945345&sr=8-115
Samsung 870 QVO 1TB Interne SATA SSD 6.35cm (2.5 Zoll) SATA 6 Gb/s Retail MZ-77Q1T0BW,4.6 ,N/A,http://www.amazon.co.uk/Samsung-Interne-6-35cm-Retail-MZ-77Q1T0BW/dp/B08D3ZXQWM/ref=sr_1_116?dchild=1&keywords=ssd+1tb&qid=1623945345&sr=8-116
"WD_BLACK SN850 1TB NVMe SSD Game Drive, Call of Duty: Black Ops Cold War Special Edition",5.0 ,229.99,http://www.amazon.co.uk/WD_BLACK-SN850-NVMe-Game-Drive/dp/B08NX29S65/ref=sr_1_115?dchild=1&keywords=ssd+1tb&qid=1623945351&sr=8-115
Team Delta R RGB 1TB SSD,5.0 ,122.68,http://www.amazon.co.uk/Team-Group-T253TR001T3C415-T-Force-2-5-Inch/dp/B07GZP6XVQ/ref=sr_1_116?dchild=1&keywords=ssd+1tb&qid=1623945351&sr=8-116
Seagate Firecuda Gaming SSD 1 TB External Solid State Drive - USB-C USB 3.0 with NVMe for PC Laptop (STJP1000400),4.2 ,176.99,http://www.amazon.co.uk/Seagate-Firecuda-Gaming-External-Solid/dp/B0839SGLKM/ref=sr_1_117?dchild=1&keywords=ssd+1tb&qid=1623945351&sr=8-117
Western Digital 240 GB M.2 SSD - Green,4.6 ,N/A,http://www.amazon.co.uk/Western-Digital-240-M-2-SSD/dp/B01M9B2VB7/ref=sr_1_118?dchild=1&keywords=ssd+1tb&qid=1623945351&sr=8-118
"Disque Dur SSD Intel 660P 1TO M.2 2280 (SSDPEKNW010T8X1) *1605, Black",4.7 ,89.45,http://www.amazon.co.uk/Intel-M-2-2280-Express-Solid-State/dp/B07JBQZ2MG/ref=sr_1_119?dchild=1&keywords=ssd+1tb&qid=1623945351&sr=8-119
"HP P500 Portable SSD 1TB - Up to 420MB/s - USB 3.2 External Solid State Drive, Black - 1F5P4AA#ABC",5.0 ,91.91,http://www.amazon.co.uk/HP-P500-Portable-SSD-1TB/dp/B08DDJZP3N/ref=sr_1_120?dchild=1&keywords=ssd+1tb&qid=1623945351&sr=8-120
Samsung X5 1 TB Thunderbolt3 External Solid State Drive (Portable SSD) (MU-PB1T0B),4.5 ,286.89,http://www.amazon.co.uk/Samsung-PB1T0B-Portable-X5-Thunderbolt-2800-MB/dp/B07GL8MXJF/ref=sr_1_121?dchild=1&keywords=ssd+1tb&qid=1623945351&sr=8-121
"INDMEM NVMe PCIe SSD 512GB with Screwdriver Hard Drive Replacement for MacBook Pro Retina Late 2013 - Mid 2015, MacBook Air Mid 2013-2017, iMac Late 2013-2017, Mac Pro Late 2013, Mac Mini Late 2014",4.5 ,N/A,http://www.amazon.co.uk/INDMEM-Screwdriver-Replacement-MacBook-Retina/dp/B08PKDTCHR/ref=sr_1_122?dchild=1&keywords=ssd+1tb&qid=1623945351&sr=8-122
"Flexx LX300 1TB NVME SSD Kit for MacBook Pro, Air and iMac from late 2013 on",5.0 ,186.00,http://www.amazon.co.uk/Flexx-LX300-NVME-MacBook-iMac/dp/B08CHGRJ7T/ref=sr_1_124?dchild=1&keywords=ssd+1tb&qid=1623945351&sr=8-124
"WD_BLACK P50 1TB NVMe SSD Game Drive - SSD speeds up to 2000MB/s works with PC, X Box and PlayStation",4.6 ,208.62,http://www.amazon.co.uk/WD_BLACK-P50-NVMe-Game-Drive/dp/B07YFGTDV4/ref=sr_1_125?dchild=1&keywords=ssd+1tb&qid=1623945351&sr=8-125
OWC 1.0TB Aura Pro 6G SSD and Envoy Pro Upgrade Kit for 2012-2013 MacBook Pro with Retina Display (OWCS3DAP12KT01),4.7 ,N/A,http://www.amazon.co.uk/OWC-Upgrade-MacBook-Retina-display/dp/B07P2DW2M7/ref=sr_1_126?dchild=1&keywords=ssd+1tb&qid=1623945351&sr=8-126
SSD 670P SERIES 1TB/ M.2 80MM PCIE 3.0 X4/ 3D4/ QLC RETAILPACK,3.0 ,102.43,http://www.amazon.co.uk/SSD-670P-80MM-PCIE-RETAILPACK/dp/B08X4Z4R1Y/ref=sr_1_127?dchild=1&keywords=ssd+1tb&qid=1623945351&sr=8-127
Mushkin 1TB 2.5-inch SATA III Source 2 SSD Solid State Disk 7mm 560MB/s,4.7 ,70.73,http://www.amazon.co.uk/Mushkin-2-5-inch-Source-Solid-State/dp/B07X593YH3/ref=sr_1_129?dchild=1&keywords=ssd+1tb&qid=1623945351&sr=8-129
"LEVEN 256GB SSD 3D NAND TLC SATA III 6 Gb/s, 2.5""/7mm (0.28"") Internal Solid State Drive, up to 550MB/s (JS600SSD256GB)",4.7 ,48.47,http://www.amazon.co.uk/SSD-256GB-LEVEN-JS600-retail/dp/B07YBXS2BL/ref=sr_1_130?dchild=1&keywords=ssd+1tb&qid=1623945351&sr=8-130
"TEAMGROUP MP33 PRO 1TB M.2 PCIe 2280 NVMe 1.3 Internal SSD, Up to 2100MB/s Gen3x4 Solid State Drive, Terabyte Written TBW>600TB TM8FPD001T0C101",4.7 ,83.95,http://www.amazon.co.uk/TEAMGROUP-Internal-Terabyte-Written-TM8FPD001T0C101/dp/B08GM8N3DB/ref=sr_1_131?dchild=1&keywords=ssd+1tb&qid=1623945351&sr=8-131
"Integral 1TB mSATA Internal SSD, up to 520MB/s Read 450MB/s Write",4.8 ,136.01,http://www.amazon.co.uk/Integral-Memory-mSATA-Mo-300-Speed/dp/B08439XGY1/ref=sr_1_132?dchild=1&keywords=ssd+1tb&qid=1623945351&sr=8-132
"Disque Dur SSD HP S700-1To (1000Go) SATA 2""1/2",N/A,95.48,http://www.amazon.co.uk/HP-6MC15AA-ABB-SSD-S700/dp/B07SSDJHWY/ref=sr_1_131?dchild=1&keywords=ssd+1tb&qid=1623945357&sr=8-131
"SSD 128GB SATA 2.5"" KingShark gamer Internal Solid State Drive SATAIII 6 Gb/s High-Performance 7MM Height SSD(128GB, 2.5''SATA3)",N/A,24.42,http://www.amazon.co.uk/128GB-2-5-KingShark-Internal-High-Performance/dp/B086MDBTYB/ref=sr_1_132?dchild=1&keywords=ssd+1tb&qid=1623945357&sr=8-132
"Netac 1TB Internal SSD 2.5 Inch SATAIII 6Gb/s, 3D NAND Internal Solid State Drive, Read Speeds up to 530MB/s",4.5 ,106.18,http://www.amazon.co.uk/Netac-Internal-SATAIII-Solid-Speeds/dp/B093PRYKMH/ref=sr_1_133?dchild=1&keywords=ssd+1tb&qid=1623945357&sr=8-133
SureFire Bunker Gaming SSD USB 3.2 Gen 1 1TB Black,N/A,N/A,http://www.amazon.co.uk/SureFire-Bunker-Gaming-SSD-Black/dp/B08V6Y8BNL/ref=sr_1_134?dchild=1&keywords=ssd+1tb&qid=1623945357&sr=8-134
"SSD PCIe NVMe 256GB GamerKing Internal Solid State Drive 1TB 512GB 128GB 64GB PCIe Gen 3.0 x4 NVMe High Performance Hard Drive for Desktop Laptops (256GB, M.2-PCIE NVMe)",N/A,39.50,http://www.amazon.co.uk/GamerKing-Internal-Performance-Desktop-M-2-PCIE/dp/B08X1PZ818/ref=sr_1_135?dchild=1&keywords=ssd+1tb&qid=1623945357&sr=8-135
SK hynix Gold P31 PCIe NVMe Gen3 M.2 2280 Internal SSD - 500GB NVMe - Up to 3500MB/S - Compact M.2 SSD Form Factor SK hynix SSD - Internal Solid State Drive with 128-Layer NAND Flash,5.0 ,60.35,http://www.amazon.co.uk/SK-hynix-Gold-500GB-Internal/dp/B08DK2FB7G/ref=sr_1_136?dchild=1&keywords=ssd+1tb&qid=1623945357&sr=8-136
Team Delta Max 500GB SSD,4.6 ,95.21,http://www.amazon.co.uk/Team-T-FORCE-Delta-Max-500GB/dp/B07WR3R5DH/ref=sr_1_137?dchild=1&keywords=ssd+1tb&qid=1623945357&sr=8-137
YUCUN 2.5 inch SATA III Internal Solid State Drive R570 480GB SSD,4.4 ,N/A,http://www.amazon.co.uk/YUCUN-Internal-Solid-State-Drive/dp/B07FYF6HH9/ref=sr_1_138?dchild=1&keywords=ssd+1tb&qid=1623945357&sr=8-138
Mushkin Delta Gen 4.0 – 1TB PCIe Gen4 x4 NVMe 1.3 – M.2 (2280) Gaming Internal Solid State Drive (SSD) – 3D QLC – Hardware Encryption – (MKNSSDDE1TB-D8),1.0 ,99.37,http://www.amazon.co.uk/Mushkin-Delta-Gen-4-0-MKNSSDDE1TB-D8/dp/B093DF7NG4/ref=sr_1_139?dchild=1&keywords=ssd+1tb&qid=1623945357&sr=8-139
"OWC 1.0TB SSD Upgrade Bundle for 2011 iMacs, OWC 1.0TB Mercury Extreme Pro 6G SSD, AdaptaDrive 2.5"" to 3.5"" Drive Converter Bracket, in-line Digital Thermal Sensor Cable, Installation Tools",4.4 ,258.69,http://www.amazon.co.uk/OWC-Upgrade-AdaptaDrive-Converter-Installation/dp/B076PNC1MS/ref=sr_1_140?dchild=1&keywords=ssd+1tb&qid=1623945357&sr=8-140
"OWC 1.0TB Aura Pro X2 SSD Upgrade for Mac Pro (Late 2013), High performance NVMe flash upgrade, including tools & heatsink (OWCS3DAPT4MP10P)",4.4 ,230.18,http://www.amazon.co.uk/1TB-OWC-Aura-Late-2013/dp/B07QHWG9P4/ref=sr_1_141?dchild=1&keywords=ssd+1tb&qid=1623945357&sr=8-141
"TEAMGROUP MP33 1TB SLC Cache 3D NAND TLC NVMe 1.3 PCIe Gen3x4 M.2 2280 Internal Solid State Drive SSD (Read/Write Speed up to 1,800/1,500 MB/s) Compatible with Laptop & PC Desktop TM8FP6001T0C101",4.7 ,86.93,http://www.amazon.co.uk/TEAMGROUP-Professional-Filmmakers-Photographers-TESDXC256GIV3001/dp/B07XHMBQK3/ref=sr_1_142?dchild=1&keywords=ssd+1tb&qid=1623945357&sr=8-142
Team Delta RGB 1TB SSD,5.0 ,146.14,http://www.amazon.co.uk/Team-Group-t253tr001t3-%C2%B0C313-Flash-120-GB-Internal/dp/B07D8W1RPN/ref=sr_1_143?dchild=1&keywords=ssd+1tb&qid=1623945357&sr=8-143
FireCuda 520 SSD 1Tb PCIe Gen4 x4 NVMe,4.8 ,N/A,http://www.amazon.co.uk/Seagate-ZP1000GM3A002-Firecuda-520-Internal/dp/B07ZPRMLJP/ref=sr_1_144?dchild=1&keywords=ssd+1tb&qid=1623945357&sr=8-144
Samsung 980 PRO 1TB Interne M.2 PCIe NVMe SSD 2280 Retail MZ-V8P1T0BW,5.0 ,247.18,http://www.amazon.co.uk/Samsung-Interne-PCIe-Retail-MZ-V8P1T0BW/dp/B08PBFP4NV/ref=sr_1_145?dchild=1&keywords=ssd+1tb&qid=1623945357&sr=8-145
"Silicon Power 1 TB Portable External Hard Drive Rugged Armor A80 Shockproof , Waterproof 2.5-Inch USB 3.0 , IEC 529 IPX7 Military Grade, Xbox One and PlayStation 4, Blue",4.5 ,N/A,http://www.amazon.co.uk/Silicon-Power-Shockproof-Waterproof-PlayStation/dp/B005GHTEV8/ref=sr_1_146?dchild=1&keywords=ssd+1tb&qid=1623945357&sr=8-146
"Silicon Power 1 TB Portable External Hard Drive Rugged Armor A80 Shockproof , Waterproof 2.5-Inch USB 3.0 , IEC 529 IPX7 Military Grade, Xbox One and PlayStation 4, Blue",4.5 ,N/A,http://www.amazon.co.uk/Silicon-Power-Shockproof-Waterproof-PlayStation/dp/B005GHTEV8/ref=sr_1_147?dchild=1&keywords=ssd+1tb&qid=1623945363&sr=8-147
"Reletech P400 SSD M.2 1TB 512GB 256GB PCIe Gen3x4 NVMe 1.3 2280 Solid State Drive 3D NAND 3,500 MB/s Speed Internal Solid State Drives for Gaming PC Laptop Desktop (512GB)",N/A,66.53,http://www.amazon.co.uk/Reletech-Gen3x4-Internal-Drives-Desktop/dp/B08NXHKKRN/ref=sr_1_148?dchild=1&keywords=ssd+1tb&qid=1623945363&sr=8-148
"Integral Ultima Pro X 1TB NVMe M.2 Internal SSD, Up To 3400MB/s Read 3000MB/s Write - For Gaming and Graphics/Video Editing",4.4 ,139.99,http://www.amazon.co.uk/Integral-Ultima-Internal-3400MB-3000MB/dp/B08L87SWXB/ref=sr_1_149?dchild=1&keywords=ssd+1tb&qid=1623945363&sr=8-149
SSD ADATA XPG Spectrix S20G M.2 1TB PCIe G3x4 RGB,N/A,111.97,http://www.amazon.co.uk/ADATA-Spectrix-S20G-PCIe-G3x4/dp/B08RWG4HSD/ref=sr_1_150?dchild=1&keywords=ssd+1tb&qid=1623945363&sr=8-150
"Kingshark gamer SSD M.2 2280 1TB Ngff Internal Solid State Drive High-Performance Hard Drive for Desktop Laptop SATA III 6Gb/s (1TB, M.2 2280)",N/A,86.99,http://www.amazon.co.uk/Kingshark-SSD-M-2-2280-High-Performance/dp/B0896RP67R/ref=sr_1_151?dchild=1&keywords=ssd+1tb&qid=1623945363&sr=8-151
"Gigastone 512GB 2.5"" Internal SSD, 3D NAND Solid State Drive, SATA III 6Gb/s 2.5 inch 7mm (0.28”), Read up to 550MB/s",4.6 ,N/A,http://www.amazon.co.uk/Gigastone-512GB-Internal-Solid-State/dp/B0881L45V7/ref=sr_1_152?dchild=1&keywords=ssd+1tb&qid=1623945363&sr=8-152
"Dogfish SSD 64GB SATA3 2.5 Inch Unidad De Estado Sólido Incorporada 7MM Height High Speed Incluye SSD 32GB 60GB 64GB 120GB 128GB 240GB 250GB 480GB 500GB 1TB (64Gb, 2.5''-SATA3)",4.5 ,17.66,http://www.amazon.co.uk/Dogfish-Unidad-Incorporada-Speed-Incluye-2-5-SATA3/dp/B07WCM8CVG/ref=sr_1_153?dchild=1&keywords=ssd+1tb&qid=1623945363&sr=8-153
"Integral M Series 1TB NVMe M.2 Internal SSD, Up To 2000MB/s Read 1600MB/s Write - For Gaming and Graphics/Video Editing INSSD1TM280NM1",4.7 ,94.98,http://www.amazon.co.uk/Integral-Internal-2000MB-1600MB-Write/dp/B0897SDDYD/ref=sr_1_154?dchild=1&keywords=ssd+1tb&qid=1623945363&sr=8-154
OWC 1.0TB SSD Upgrade Kit for 27-inch 2012-2019 iMac,5.0 ,265.49,http://www.amazon.co.uk/OWC-1-0TB-Upgrade-27-inch-2012-2015/dp/B078TMP4TT/ref=sr_1_155?dchild=1&keywords=ssd+1tb&qid=1623945363&sr=8-155
"OWC 1TB SSD Upgrade Bundle For 2011 iMacs, OWC Mercury Electra 1.0TB 6G SSD, AdaptaDrive 2.5"" to 3.5"" Drive Converter Bracket, In-line Digital Thermal Sensor Cable, Installation tools, OWCKITIM11HE1TB",4.6 ,199.00,http://www.amazon.co.uk/OWC-Upgrade-AdaptaDrive-Converter-Installation/dp/B075QRL43P/ref=sr_1_156?dchild=1&keywords=ssd+1tb&qid=1623945363&sr=8-156
"Seagate STGD4000400 4TB HDD for Playstation Systems, Black/Blue",4.8 ,84.99,http://www.amazon.co.uk/Seagate-STGD4000400-Portable-External-PlayStation/dp/B076H6TZ7L/ref=sr_1_157?dchild=1&keywords=ssd+1tb&qid=1623945363&sr=8-157
"SSD Msata 250GB KINGDATA Ngff Internal Solid State Drive for Desktop Laptop SATA III 1tb 500gb 256gb 120gb High Performance Hard Drive(MSATA,250GB)",N/A,34.45,http://www.amazon.co.uk/KINGDATA-Internal-Desktop-Laptop-Performance/dp/B08JBTMBQ5/ref=sr_1_158?dchild=1&keywords=ssd+1tb&qid=1623945363&sr=8-158
KingSpec 1TB M.2 SSD 22 * 42mm MLC SATAIII NGFF Solid State Drive Storage NAND Flash Storage [2242-1TB],4.6 ,119.95,http://www.amazon.co.uk/KingSpec-SATAIII-Solid-Storage-2242-1TB/dp/B07KCGCD7K/ref=sr_1_159?dchild=1&keywords=ssd+1tb&qid=1623945363&sr=8-159
Portable 1TB Large Reserves SSD Solid State Hard Disk Drive for Laptop Desktop Computer Parts H2 SATA3.0 2.5 inch(240GB),N/A,56.99,http://www.amazon.co.uk/dp/B097BB7C48/ref=sr_1_160?dchild=1&keywords=ssd+1tb&qid=1623945363&sr=8-160
"Internal Solid State Drive, 8GB/60GB/120GB/240GB/480GB/1T SSD - up to 500MB/s, SATA3.0 2.5 inch Hard Disk Drive, for win 98SE/ME/2000/Vista/XP/OS X 8.6/Linux 2.4, etc(8GB)",N/A,14.79,http://www.amazon.co.uk/Internal-Solid-State-Drive-120GB/dp/B096G8TJK1/ref=sr_1_161?dchild=1&keywords=ssd+1tb&qid=1623945363&sr=8-161
"Gigabyte AORUS NVMe Gen4 M.2 1TB PCI-Express 4.0 Interface High Performance Gaming, Full Body Copper Heat Spreader, Toshiba 3D NAND, DDR Cache Buffer, SSD GP-ASM2NE6100TTTD",4.6 ,N/A,http://www.amazon.co.uk/Gigabyte-PCI-Express-Interface-Performance-GP-ASM2NE6100TTTD/dp/B07TJWZGL9/ref=sr_1_162?dchild=1&keywords=ssd+1tb&qid=1623945363&sr=8-162
"SSD Msata 64GB GamerKing Internal Solid State Drive for Desktop Laptops SATA III 6Gb/s 1TB 512GB 256GB 128GB High Performance Hard Drive (64GB, MSATA)",N/A,19.09,http://www.amazon.co.uk/GamerKing-Internal-Desktop-Laptops-Performance/dp/B08X1HQF2B/ref=sr_1_163?dchild=1&keywords=ssd+1tb&qid=1623945369&sr=8-163
Samsung MZ-76E1T0B SSD 860 EVO 1TB 2.5inch SATA :: (Components > SSD Solid State Drive),5.0 ,163.98,http://www.amazon.co.uk/Samsung-MZ-76E1T0B-SSD-2-5inch-SATA/dp/B07PZ4B1JG/ref=sr_1_164?dchild=1&keywords=ssd+1tb&qid=1623945369&sr=8-164
Pioneer 1T NVMe PCIe M.2 2280 Gen 3x4 Internal Solid State Drive (APS-SE22-1T),N/A,N/A,http://www.amazon.co.uk/Pioneer-Internal-Solid-State-APS-SE22-1T/dp/B09575PMG5/ref=sr_1_165?dchild=1&keywords=ssd+1tb&qid=1623945369&sr=8-165
Emtec ECSSD1TX300 Internal SSD 3.0 NVMe Collection X300 Power Pro 3D NAND 1TB,4.5 ,197.00,http://www.amazon.co.uk/Emtec-ECSSD1TX300-Internal-Collection-Power/dp/B088V23TQM/ref=sr_1_166?dchild=1&keywords=ssd+1tb&qid=1623945369&sr=8-166
"ADATA XPG SX6000 Pro 512GB M.2 Gaming Solid State Drive (SSD), black",4.7 ,54.37,http://www.amazon.co.uk/ADATA-512GB-Solid-SX6000-Gen3x4/dp/B07H5355JF/ref=sr_1_167?dchild=1&keywords=ssd+1tb&qid=1623945369&sr=8-167
Seagate - SSD CLIENT BARRACUDA 120 SSD 250GB SATA,4.7 ,32.99,http://www.amazon.co.uk/Seagate-Barracuda-Internal-Black-ZA250CM1A003/dp/B07ZPRD5VM/ref=sr_1_168?dchild=1&keywords=ssd+1tb&qid=1623945369&sr=8-168
"WD_BLACK P50 2TB NVMe SSD Game Drive - SSD speeds up to 2000MB/s works with PC, X Box and PlayStation",4.4 ,410.03,http://www.amazon.co.uk/WD_BLACK-P50-NVMe-Game-Drive/dp/B07YFG9PG2/ref=sr_1_169?dchild=1&keywords=ssd+1tb&qid=1623945369&sr=8-169
"ADATA XPG SX6000 Pro 1TB M.2 Gaming Solid State Drive (SSD), black",3.6 ,N/A,http://www.amazon.co.uk/ADATA-ASX6000PNP-1TT-C-SX6000-NVMe-2280-Noir/dp/B07H52ML35/ref=sr_1_170?dchild=1&keywords=ssd+1tb&qid=1623945369&sr=8-170
Samsung 860 EVO 1TB 2.5 Inch SATA III Internal SSD (MZ-76E1T0B/AM),4.9 ,152.61,http://www.amazon.co.uk/Samsung-Inch-SATA-Internal-MZ-76E1T0B/dp/B078DPCY3T/ref=sr_1_171?dchild=1&keywords=ssd+1tb&qid=1623945369&sr=8-171
"OWC 1.0TB 3G SSD and HDD DIY Complete Bundle Upgrade Kit for Late 2009-2010 iMacs, (OWCKITIM09HE1TB)",4.6 ,182.49,http://www.amazon.co.uk/OWC-Complete-Bundle-Upgrade-2009-2010/dp/B071G8WPFJ/ref=sr_1_172?dchild=1&keywords=ssd+1tb&qid=1623945369&sr=8-172
Lexar NM610 M.2-2280 1TB PCI Express NVMe 3.0 x4 Solid State Drive,4.0 ,N/A,http://www.amazon.co.uk/Lexar-NM610-1000-Express-NVMe/dp/B07V2NQNMV/ref=sr_1_173?dchild=1&keywords=ssd+1tb&qid=1623945369&sr=8-173
"DATARAM 2.5"" SSD, 6.0 Gbps SATAIII Solid State Drive High Speed Read & Write (1TB)",4.6 ,N/A,http://www.amazon.co.uk/DATARAM-Solid-State-Drive-SATAIII/dp/B07VL1S61K/ref=sr_1_174?dchild=1&keywords=ssd+1tb&qid=1623945369&sr=8-174
"SSD SATA 2.5"" 500GB Shark Internal Solid State Drive High Performance Hard Drive for Desktop Laptop SATA III 6Gb/s Includes SSD 32GB 60GB 64GB 120GB 128GB 240GB 250GB 480GB 500GB(500GB, 2.5''-SATA3)",N/A,55.00,http://www.amazon.co.uk/Internal-Performance-Desktop-Laptop-2-5-SATA3/dp/B07Y1Q1B2H/ref=sr_1_175?dchild=1&keywords=ssd+1tb&qid=1623945369&sr=8-175
"BU KING 8G 1TB 2TB Ultra Slim Portable Hard Drive, Model SSD/SSD H2 & 2.5 inch &Speed 70-500M/S,for Mac Os XP Win7 Win8 Win10 Linux (SSD H2, 8GB)",N/A,6.89,http://www.amazon.co.uk/Ultra-Portable-Drive-Model-70-500M/dp/B095P8M6T8/ref=sr_1_176?dchild=1&keywords=ssd+1tb&qid=1623945369&sr=8-176
"INDMEM SATA SSD 1TB Compatible for Macbook Air Mid 2012 11 inch A1465(EMC 2558), 13 inch A1466(EMC 2559)",4.5 ,N/A,http://www.amazon.co.uk/INDMEM-Compatible-Macbook-A1465-A1466/dp/B08DFPCRXC/ref=sr_1_177?dchild=1&keywords=ssd+1tb&qid=1623945369&sr=8-177
BAITITON 2.5 inch SATA III Internal Solid State Drive 1TB SSD Read 550MB/S Write 530MB/S (ATTO TESTED) for PC Laptop Desktop,4.6 ,115.47,http://www.amazon.co.uk/BAITITON-Internal-TESTED-Laptop-Desktop/dp/B07JYQRX6X/ref=sr_1_178?dchild=1&keywords=ssd+1tb&qid=1623945369&sr=8-178
Dysk SSD Mushkin Mushkin helix L 1 TB,4.7 ,N/A,http://www.amazon.co.uk/Dysk-SSD-Mushkin-helix-TB/dp/B07R6V31K8/ref=sr_1_178?dchild=1&keywords=ssd+1tb&qid=1623945375&sr=8-178
"ZEPLIN ELECTRONICS 1TB SSD M.2 PCIe Internal Solid State Drive, up to 2050 MB/s",N/A,80.46,http://www.amazon.co.uk/ZEPLIN-ELECTRONICS-ZM-710-Interface-Express/dp/B08D6BY2ZD/ref=sr_1_179?dchild=1&keywords=ssd+1tb&qid=1623945375&sr=8-179
Silicon Power SSD Ace A60 PCI-E x4 NVMe 1TB,N/A,98.10,http://www.amazon.co.uk/Dysk-SSD-Silicon-Power-P34A60/dp/B0812Y64G9/ref=sr_1_180?dchild=1&keywords=ssd+1tb&qid=1623945375&sr=8-180
SSD M.2 2280 1TB Nvme Internal Solid State Drive PC SATA III 6Gb/s Read Speed Up to 2100MB/S 512GB (512G),N/A,70.57,http://www.amazon.co.uk/Internal-Solid-State-Drive-2100MB/dp/B08TWSHGSN/ref=sr_1_181?dchild=1&keywords=ssd+1tb&qid=1623945375&sr=8-181
ZEPLIN ELECTRONICS SATA SSD 1TB - M.2 2280 Internal Solid State Drive,N/A,86.10,http://www.amazon.co.uk/ZEPLIN-ELECTRONICS-SATA-SSD-1TB/dp/B092HN3Y1M/ref=sr_1_182?dchild=1&keywords=ssd+1tb&qid=1623945375&sr=8-182
ZLSU Internal hard drive SSD 120G/1TB SSD notebook Desktop computer hard disk (120GB),N/A,69.00,http://www.amazon.co.uk/ZLSU-Internal-notebook-Desktop-computer/dp/B08X4BV9GL/ref=sr_1_183?dchild=1&keywords=ssd+1tb&qid=1623945375&sr=8-183
"HP EX900 Pro 1TB NVMe Internal PC SSD - Gen3 x4 PCIe, M.2 2280, 3D NAND, Up to 2095 MB/s - 9XL77AA#ABA",5.0 ,88.39,http://www.amazon.co.uk/HP-EX900-Pro-NVMe-Internal/dp/B08CLWQ5ST/ref=sr_1_184?dchild=1&keywords=ssd+1tb&qid=1623945375&sr=8-184
"SSD 1TB SATA 2.5"" KingShark Internal Solid State Drive SATAIII 6 Gb/s High-Performance 7MM Height SSD(1TB, 2.5''SATA3)",5.0 ,77.19,http://www.amazon.co.uk/1TB-2-5-KingShark-Internal-High-Performance/dp/B086M7PJNN/ref=sr_1_185?dchild=1&keywords=ssd+1tb&qid=1623945375&sr=8-185
"Transcend 240GB JetDrive 820 SSD (without Enclosure) for MacBook Air 11"" and 13"" (Mid 2013 – 2017), MacBook Pro Retina 13"" and 15"" (Late 2013 – Mid 2015) Up to 950 MB/s TS240GJDM820",4.6 ,92.09,http://www.amazon.co.uk/Transcend-JetDrive-240GB-AHCI-Upgrade/dp/B075H9G1CH/ref=sr_1_186?dchild=1&keywords=ssd+1tb&qid=1623945375&sr=8-186
"Dogfish 2.5 Inch SSD 240 GB Sata III 6 Gb/s Internal Solid State Drive SSD High Performance Hard Drive From Up To 32 GB 60 GB 64 GB 120 GB 128 GB 250 GB 480 GB 500 GB 960 GB (240 GB, 2.5 Inch SATA3)",4.3 ,30.04,http://www.amazon.co.uk/Dogfish-Internal-Solid-State-Performance/dp/B07YW7NTYY/ref=sr_1_187?dchild=1&keywords=ssd+1tb&qid=1623945375&sr=8-187
"KingShark Gamer SSD 64GB SATA3 2.5"" Internal Solid State Drive SATAIII 6 Gb/s High Performance 7MM Height SSD (64GB, 2.5''-SATA3)",N/A,20.20,http://www.amazon.co.uk/KingShark-Gamer-Internal-Performance-2-5-SATA3/dp/B084Q9LT4C/ref=sr_1_188?dchild=1&keywords=ssd+1tb&qid=1623945375&sr=8-188
WD_BLACK D10 12TB Game Drive for Xbox One 7200RPM With Active Cooling To Store Your Massive Xbox Game Collection,4.5 ,314.00,http://www.amazon.co.uk/WD_Black-7200rpm-Cooling-Massive-Collection/dp/B07WF8LQL5/ref=sr_1_189?dchild=1&keywords=ssd+1tb&qid=1623945375&sr=8-189
"1tb hard drive, 256GB ITB 2TB Type-C Mobile Hard Drive SSD Solid State Metal Case Red (Size : 128G)",N/A,57.59,http://www.amazon.co.uk/drive-256GB-Type-C-Mobile-Drive/dp/B08SBJC4W1/ref=sr_1_190?dchild=1&keywords=ssd+1tb&qid=1623945375&sr=8-190
"LEVEN SSD 64GB 3D NAND TLC SATA III Internal Solid State Drive - 6 Gb/s, 2.5 inch /7mm (0.28"") - Compatible with Laptop & PC Desktop - Retail 1 Pack - (JS600SSD64GB)",N/A,20.11,http://www.amazon.co.uk/LEVEN-Internal-Solid-State-Drive/dp/B094XJ8WWR/ref=sr_1_191?dchild=1&keywords=ssd+1tb&qid=1623945375&sr=8-191
A-Data XPG GAMMIX S70 1 TB SSD Grey PCIe 4.0 x4 M.2 2280,N/A,177.02,http://www.amazon.co.uk/Data-GAMMIX-Grey-PCIe-2280/dp/B08NY7XCL1/ref=sr_1_192?dchild=1&keywords=ssd+1tb&qid=1623945375&sr=8-192
"Yctze SSD Solid State Hard Disk, with great workmanship, store a lot of your favorite photos Easy to Carry and Store.(8GB)",N/A,9.59,http://www.amazon.co.uk/Yctze-workmanship-favorite-photos-Store-8GB/dp/B08W51TN83/ref=sr_1_193?dchild=1&keywords=ssd+1tb&qid=1623945375&sr=8-193
OWC 1TB Aura Pro 6G SSD for MacBook Air 2012 Edition,5.0 ,N/A,http://www.amazon.co.uk/OWC-1TB-Aura-MacBook-2012/dp/B07W5818GT/ref=sr_1_193?dchild=1&keywords=ssd+1tb&qid=1623945381&sr=8-193
Gigabyte NVMe 1TB M.2 Solid State Drive,4.7 ,109.58,http://www.amazon.co.uk/Disque-Dur-Gigabyte-1000Go-GP-GSM2NE3100TNTD/dp/B07YV3QV48/ref=sr_1_194?dchild=1&keywords=ssd+1tb&qid=1623945381&sr=8-194
"1TB High-performance Internal Gaming SSD, 2.5 Inch SATA III Solid State Drive, Works with PC Laptop",N/A,N/A,http://www.amazon.co.uk/High-performance-Internal-Gaming-Solid-Laptop/dp/B094NS4259/ref=sr_1_195?dchild=1&keywords=ssd+1tb&qid=1623945381&sr=8-195
"Integral Ultima Pro X3 1TB NVMe M.2 Internal SSD PCIe Gen 4x4 2280, Up To 5000MB/s Read 4400MB/s Write - For Extreme Gaming and Video/Graphic Editing",2.0 ,156.99,http://www.amazon.co.uk/Integral-Ultima-Internal-5000MB-4400MB/dp/B08PFYM82C/ref=sr_1_196?dchild=1&keywords=ssd+1tb&qid=1623945381&sr=8-196
"Feather M13 Turbo SSD (1TB) and Tools, macOS - m.2 NVMe PCIe Drive Upgrade for Apple MacBook Pro 2013-2015, MacBook Air 2013-2017, iMac 2013-2017",4.5 ,202.00,http://www.amazon.co.uk/Feather-NVMe-Apple-Macs-2013-2017/dp/B07LFP23S4/ref=sr_1_197?dchild=1&keywords=ssd+1tb&qid=1623945381&sr=8-197
Crucial CT1024M550SSD1 M550 1 TB SATA 2.5 Inch 7 mm (with 9.5 mm Adapter) Internal Solid State Drive,4.4 ,N/A,http://www.amazon.co.uk/Crucial-CT1024M550SSD1-Adapter-Internal-Solid/dp/B00IRRDHW6/ref=sr_1_198?dchild=1&keywords=ssd+1tb&qid=1623945381&sr=8-198
"Magix SSD Alpha EVO 2.5 Inch SATA Read/Write speed up to 500/400 MBs , 3D NAND MLC/TLC , INTERNAL (960 GB)",4.3 ,78.85,http://www.amazon.co.uk/MAGIX-ALPHA-SATA-500Mb-INTERNAL/dp/B07QXXTGBF/ref=sr_1_199?dchild=1&keywords=ssd+1tb&qid=1623945381&sr=8-199
"Samsung 860 EVO 500 GB SATA M.2 (2280) Internal Solid State Drive (SSD) (MZ-N6E500), Black",4.8 ,65.99,http://www.amazon.co.uk/Samsung-Sata-Solid-State-Drive/dp/B078WQVX9B/ref=sr_1_200?dchild=1&keywords=ssd+1tb&qid=1623945381&sr=8-200
"Silicon Power 1TB External Portable Hard Drive Rugged Armor A30 Shockproof 2.5-Inch USB 3.0, Military Grade MIL-STD-810G, Black",4.5 ,48.25,http://www.amazon.co.uk/Silicon-Power-External-Shockproof-MIL-STD-810G/dp/B00FG1WVN2/ref=sr_1_201?dchild=1&keywords=ssd+1tb&qid=1623945381&sr=8-201
"WD_BLACK SN750 SE 1TB PCIe Gen4 NVMe Gaming SSD, with up to 3,600MB/s read speed",N/A,166.99,http://www.amazon.co.uk/WD_BLACK-SN750-Gaming-600MB-speed/dp/B095HB3L6G/ref=sr_1_202?dchild=1&keywords=ssd+1tb&qid=1623945381&sr=8-202
Transcend 512GB SATA III 6Gb/s MTS430S 42mm M.2 SSD430S SSD Up to 560/500 MB/s TS512GMTS430S,4.6 ,62.80,http://www.amazon.co.uk/Transcend-512GB-MTS430S-Solid-TS512GMTS430S/dp/B07MSQMGLT/ref=sr_1_203?dchild=1&keywords=ssd+1tb&qid=1623945381&sr=8-203
"iStorage diskAshur PRO2 SSD 1TB Secure Solid State Drive, FIPS Level 3 Certified -Password Protected, Dust/Water-Resistant IS-DAP2-256-SSD-1000-C-X",4.0 ,N/A,http://www.amazon.co.uk/iStorage-diskAshur-Certified-Solid-State-DAP2-256-SSD-1000-C-X/dp/B07P5WQFYN/ref=sr_1_204?dchild=1&keywords=ssd+1tb&qid=1623945381&sr=8-204
"OWC Aura N2 NVMe Internal Solid State Drive, OWCS4DAB4MB10, Blue (SSD Only, 1.0TB)",N/A,170.00,http://www.amazon.co.uk/OWC-Internal-Solid-State-OWCS4DAB4MB10/dp/B08WS23483/ref=sr_1_205?dchild=1&keywords=ssd+1tb&qid=1623945381&sr=8-205
"HP S750 3D NAND 1TB Internal PC SSD - SATA III Gb/s, 2.5"", Up to 560 MB/s - 16L54AA#ABA",4.6 ,73.12,http://www.amazon.co.uk/HP-S750-NAND-1TB-Internal/dp/B08CMBL4VR/ref=sr_1_206?dchild=1&keywords=ssd+1tb&qid=1623945381&sr=8-206
"Intel SSD 665p Series, 1.0TB, M.2 80mm PCIe 3.0 x4, 3D3, QLC SSDPEKNW010T9X1",5.0 ,100.49,http://www.amazon.co.uk/Intel%C2%AE-665p-1-0TB-80mm-PCIe/dp/B08765D7XH/ref=sr_1_207?dchild=1&keywords=ssd+1tb&qid=1623945381&sr=8-207
"Gamerking SSD msata 64GB Internal Solid State Drive High Performance Hard Drive for Desktop Laptop SATA3 6Gb/s Mini PC (64GB, MSATA)",N/A,20.82,http://www.amazon.co.uk/Gamerking-Internal-Performance-Desktop-Laptop/dp/B07PN7Y88T/ref=sr_1_208?dchild=1&keywords=ssd+1tb&qid=1623945381&sr=8-208
"Dogfish SSD 240GB SATA3 III 2.5 Inch Internal Solid State Drive 7MM Heigh Desktop Laptop Hard Drive (240GB, 2.5""-SATA3)",4.6 ,30.04,http://www.amazon.co.uk/Dogfish-Internal-Desktop-Laptop-SATA3/dp/B07PP6N222/ref=sr_1_209?dchild=1&keywords=ssd+1tb&qid=1623945386&sr=8-209
Samsung 970 EVO Plus SSD 2TB - M.2 NVMe Interface Internal Solid State Drive with V-NAND Technology (MZ-V7S2T0B/AM),4.9 ,296.23,http://www.amazon.co.uk/Samsung-970-EVO-Plus-MZ-V7S2T0B/dp/B07MFZXR1B/ref=sr_1_210?dchild=1&keywords=ssd+1tb&qid=1623945386&sr=8-210
Imation 1TB SATA III M.2 2280 6Gb/s Internal SSD Solid State Drive 3D NAND Up to 560 MB/s V531,N/A,86.60,http://www.amazon.co.uk/Imation-Internal-Solid-State-V531/dp/B08HRD9KS6/ref=sr_1_211?dchild=1&keywords=ssd+1tb&qid=1623945386&sr=8-211
"KingDian 120GB SSD,3D NAND Flash 2.5 inch Internal Solid State Drive SATAIII Drive for Laptops,PC,Notebook,Gaming Computer",4.5 ,20.33,http://www.amazon.co.uk/KingDian-120GB-240GB-480GB-SATAIII/dp/B06VT7WRJ3/ref=sr_1_212?dchild=1&keywords=ssd+1tb&qid=1623945386&sr=8-212
"KIOXIA EXCERIA PLUS NVMe 1TB PCIe 3.0 Gen3x4 M.2 2280 SSD, LRD10Z001TG8",4.7 ,158.11,http://www.amazon.co.uk/KIOXIA-EXCERIA-PLUS-Gen3x4-LRD10Z001TG8/dp/B087CPFYP5/ref=sr_1_213?dchild=1&keywords=ssd+1tb&qid=1623945386&sr=8-213
"iStorage diskAshur PRO2 SSD 1TB Secure Solid State Drive, FIPS Level 2 Certified -Password Protected, Dust/Water-Resistant IS-DAP2-256-SSD-1000-C-G",4.5 ,381.78,http://www.amazon.co.uk/iStorage-DAP2-256-SSD-1000-C-G-diskAshur-portable-encrypted/dp/B071RDQSDM/ref=sr_1_214?dchild=1&keywords=ssd+1tb&qid=1623945386&sr=8-214
"LEVEN SSD 1TB 3D NAND TLC SATA III Internal Solid State Drive -with Dram Cashe - 6 Gb/s, 2.5 inch /7mm (0.28"") - up to 560MB/s - Compatible with Laptop & PC Desktop- (JS600SSDP1TB)",N/A,78.13,http://www.amazon.co.uk/LEVEN-Internal-Solid-State-Drive/dp/B092D75JVH/ref=sr_1_215?dchild=1&keywords=ssd+1tb&qid=1623945386&sr=8-215
Samsung 850 EVO 500 GB 2.5 inch Solid State Drive,4.8 ,N/A,http://www.amazon.co.uk/Samsung-inch-Solid-State-Drive/dp/B00P73B1E4/ref=sr_1_216?dchild=1&keywords=ssd+1tb&qid=1623945386&sr=8-216
"WD 2TB My Passport Portable Gaming Storage for PlayStation 4 New, Black",4.7 ,66.84,http://www.amazon.co.uk/WD-Passport-Portable-Storage-PlayStation/dp/B07HKMXJLY/ref=sr_1_217?dchild=1&keywords=ssd+1tb&qid=1623945386&sr=8-217
"Transcend 1TB NVMe PCIe Gen3 x4 MTE110S M.2 SSD, Up to 1700/1400 MB/s, for High-end applicatons (gaming, digital audio & video production) 3D NAND Flash TS1TMTE110S",4.6 ,85.00,http://www.amazon.co.uk/Transcend-MTE110S-Solid-State-Drive/dp/B07LBG5C4S/ref=sr_1_218?dchild=1&keywords=ssd+1tb&qid=1623945386&sr=8-218
KingSpec 1TB NVMe 22 * 80 NAND SSD - PCI-E Gen.3x4 - R/W Speed Up-To 2400MB/s-1800MB/s Solid State Drive Flash Storage [NVMe-2280-1TB],4.4 ,124.95,http://www.amazon.co.uk/KingSpec-NVMe-NAND-PCI-NVMe-2280-1TB/dp/B07N8YBCYJ/ref=sr_1_219?dchild=1&keywords=ssd+1tb&qid=1623945386&sr=8-219
ASENNO 120GB 128GB 2.5 Inch SSD Internal Solid State Hard Drive for Notebook Tablet Desktop PC,4.4 ,22.94,http://www.amazon.co.uk/ASENNO-Internal-Notebook-Tablet-Desktop/dp/B07W2WSLWP/ref=sr_1_220?dchild=1&keywords=ssd+1tb&qid=1623945386&sr=8-220
"addlink S70 1TB SSD NVMe PCIe GEN 3x4 M.2 2280 3D TLC NAND R/W up to 3,400/3,000 MB/s Internal Solid State Drive",4.8 ,253.07,http://www.amazon.co.uk/addlink-Solid-State-Drive-Write/dp/B07K7LRB2T/ref=sr_1_221?dchild=1&keywords=ssd+1tb&qid=1623945386&sr=8-221
ASHATA Hard Disk Box Black ABS SSD 2 in 1 M.2 B-Key MSATA to SATA 3.0 Computer Accessories,N/A,N/A,http://www.amazon.co.uk/ASHATA-Black-B-Key-Computer-Accessories-default/dp/B083XXV48N/ref=sr_1_222?dchild=1&keywords=ssd+1tb&qid=1623945386&sr=8-222
"INDMEM SATA SSD 1TB Compatible for Macbook Air Late 2010 and Mid 2011 11 inch A1370(EMC 2393/2471), 13 inch A1369(EMC 2392/2469)",4.7 ,N/A,http://www.amazon.co.uk/INDMEM-Compatible-Macbook-A1370-A1369/dp/B08DD44B6C/ref=sr_1_223?dchild=1&keywords=ssd+1tb&qid=1623945386&sr=8-223
"ADATA XPG GAMMIX S11 Pro 1TB M.2 Internal Gaming Solid State Drive, red",4.1 ,139.99,http://www.amazon.co.uk/ADATA-GAMMIX-Internal-Gaming-Solid/dp/B07KZNTZYB/ref=sr_1_224?dchild=1&keywords=ssd+1tb&qid=1623945386&sr=8-224
"Transcend 960GB JetDrive 850 SSD (without Enclosure) for MacBook Air 11"" and 13"" (Mid 2013 – 2017), MacBook Pro Retina 13"" and 15"" (Late 2013 – Mid 2015) Up to 1600/1400 MB/s TS960GJDM850",4.2 ,261.10,http://www.amazon.co.uk/Transcend-JetDrive-960GB-NVMe-Upgrade/dp/B07DCFNDPK/ref=sr_1_225?dchild=1&keywords=ssd+1tb&qid=1623945392&sr=8-225
"Netac 1TB Internal SSD NVMe M.2 2280 PCIe Gen 3x4, Internal Solid State Drive, M.2 SSD Read up to 1700MB/s, 3D NAND Internal SSD- N930E Pro",4.6 ,109.58,http://www.amazon.co.uk/Netac-1TB-SSD-SSDNVMe-Speeds/dp/B088BV8DSZ/ref=sr_1_226?dchild=1&keywords=ssd+1tb&qid=1623945392&sr=8-226
"Seagate Game Drive for PS4, Marvel's Avengers Captain America, 2 TB - External Hard Drive, USB 3.0, compatible with PS4 and PS5 (STGD2000206)",4.7 ,74.33,http://www.amazon.co.uk/Seagate-Game-Drive-Marvels-Avengers/dp/B08CY6J3LM/ref=sr_1_227?dchild=1&keywords=ssd+1tb&qid=1623945392&sr=8-227
Netac 1TB 2.5 SATA III SSD,N/A,105.49,http://www.amazon.co.uk/Netac-1TB-2-5-SATA-III/dp/B08C7TGMMH/ref=sr_1_228?dchild=1&keywords=ssd+1tb&qid=1623945392&sr=8-228
Magix X-EVO M.2 SSD PCIe Up to 2500/1500 R/W Gen3x4 NVMe 3D NAND (1 TB),5.0 ,98.03,http://www.amazon.co.uk/MAGIX-XPro-PCIe-2500-Gen3x4/dp/B07ZZFBPGQ/ref=sr_1_229?dchild=1&keywords=ssd+1tb&qid=1623945392&sr=8-229
Zheino M.2 2242 1TB SATAIII SSD NGFF Internal 3D Nand Solid State Drive for Ultrabooks and Tablets,4.5 ,90.59,http://www.amazon.co.uk/Zheino-SATAIII-Internal-Ultrabooks-Tablets/dp/B087R9TC99/ref=sr_1_230?dchild=1&keywords=ssd+1tb&qid=1623945392&sr=8-230
"Corsair MP510, Force Series, 480GB M.2 NVMe PCIe x4 Gen3 SSD (Sequential Read Speeds of up to 3,480 MB/s, Write Speeds of up to 2,000 MB/s, 3D TLC NAND and Compact M.2 Form Factor) Black",4.8 ,65.99,http://www.amazon.co.uk/Corsair-High-Speed-Sequential-Compact-Factor/dp/B084ZW96N8/ref=sr_1_231?dchild=1&keywords=ssd+1tb&qid=1623945392&sr=8-231
"Lsmaa Solid State Drive, 560/500mb/s Read and Write Speed, Flash 512gb 1tb Internal Hard Drive, Suitable for Desktop Notebook Computers (SSD Capacity : 60gb)",N/A,21.76,http://www.amazon.co.uk/Lsmaa-Internal-Suitable-Notebook-Computers/dp/B08RBSM42C/ref=sr_1_232?dchild=1&keywords=ssd+1tb&qid=1623945392&sr=8-232
"LEVEN SSD 480GB SATA III 6Gb/s, 2.5 inch / 7 mm (0.28 inch), internal solid state drive - up to 500 MB/s - suitable for laptop and desktop - (JS300SSD480GB)",N/A,45.07,http://www.amazon.co.uk/LEVEN-480GB-internal-solid-state/dp/B08HHBGW1K/ref=sr_1_233?dchild=1&keywords=ssd+1tb&qid=1623945392&sr=8-233
HP S700 Pro 2.5-Inch 1 TB Solid State Drive - Black,4.4 ,109.39,http://www.amazon.co.uk/HP-2-5-Inch-Solid-State-Drive/dp/B07658BDWM/ref=sr_1_234?dchild=1&keywords=ssd+1tb&qid=1623945392&sr=8-234
Dell 1TB M.2 PCIe NVME Class 40 Solid State Drive [PN: SNP112P/1TB],5.0 ,449.00,http://www.amazon.co.uk/Dell-Class-Solid-State-Drive/dp/B07LF7SBGH/ref=sr_1_235?dchild=1&keywords=ssd+1tb&qid=1623945392&sr=8-235
"Built-In Solid State Drive,SSD Computer Hard Drive,No Need To Drive,Portable And Practical,Compatible With Laptop/Desktop/Macbook,8GB/60GB/120GB/240GB/480GB/1TB (60G)",N/A,18.39,http://www.amazon.co.uk/Computer-Portable-Practical-Compatible-Desktop/dp/B08Y2B5ZC9/ref=sr_1_236?dchild=1&keywords=ssd+1tb&qid=1623945392&sr=8-236
YUCUN 3D NAND FLASH SSD 480GB 2.5 inch SATA III Internal Solid State Drive 480GB SSD,4.4 ,N/A,http://www.amazon.co.uk/YUCUN-480GB-Internal-Solid-State/dp/B07ZCFW7FB/ref=sr_1_237?dchild=1&keywords=ssd+1tb&qid=1623945392&sr=8-237
"Lazmin 2.5"" SATA3 Solid State Drive Internal SSD Data Storage SATA3 for Desktop Laptops Universal (60G)",N/A,16.51,http://www.amazon.co.uk/Lazmin-Internal-Storage-Desktop-Universal/dp/B07W5WGCPV/ref=sr_1_238?dchild=1&keywords=ssd+1tb&qid=1623945392&sr=8-238
LEVEN SSD M.2 1TB JPR700 NVMe PCIe retail,4.3 ,207.42,http://www.amazon.co.uk/LEVEN-JPR700-NVMe-PCIe-retail/dp/B08P2KGLB3/ref=sr_1_239?dchild=1&keywords=ssd+1tb&qid=1623945392&sr=8-239
"Crucial MX300 CT1050MX300SSD1 1 TB Internal SSD (3D NAND, SATA, 2.5 Inch)",4.7 ,N/A,http://www.amazon.co.uk/Crucial-MX300-CT1050MX300SSD1-Internal-NAND/dp/B01IAGSDUE/ref=sr_1_240?dchild=1&keywords=ssd+1tb&qid=1623945392&sr=8-240
"Seagate Game Drive for Xbox 2TB SSD External Solid State Drive, Portable USB 3.0 – Designed for Xbox One, 2 Month Xbox Game Pass Membership (STHB2000401)",4.7 ,N/A,http://www.amazon.co.uk/Seagate-Portable-compatible-Console-STHB2000401/dp/B07HP5VWC7/ref=sr_1_241?dchild=1&keywords=ssd+1tb&qid=1623945398&sr=8-241
PATRIOT Viper Gaming VP4100 1TB M.2 2280 - Solid State Drive - VP4100-1TBM28H,5.0 ,N/A,http://www.amazon.co.uk/PATRIOT-Viper-Gaming-VP4100-2280/dp/B07W588KMQ/ref=sr_1_242?dchild=1&keywords=ssd+1tb&qid=1623945398&sr=8-242
OWC OWCSSDIM12Y960 1.0 TB Aura 6G Solid State Drive with Complete DIY Toolkit for iMac,5.0 ,224.00,http://www.amazon.co.uk/OWC-OWCSSDIM12Y960-Solid-Complete-Toolkit/dp/B01CZ40UKS/ref=sr_1_243?dchild=1&keywords=ssd+1tb&qid=1623945398&sr=8-243
SSD M.2 1TB HP EX950 NVMe PCIe 3.0 x 4 1.3,5.0 ,182.74,http://www.amazon.co.uk/HP-Hewlett-Packard-Internal-5MS23AA/dp/B07PFXLC1F/ref=sr_1_244?dchild=1&keywords=ssd+1tb&qid=1623945398&sr=8-244
Asgard 1TB AN3 High Performance NVMe M.2 Internal Gaming SSD Metalic Blue R/W 3200/2000MB/s,N/A,95.72,http://www.amazon.co.uk/Asgard-Performance-Internal-Gaming-Metalic/dp/B0845PNYZN/ref=sr_1_245?dchild=1&keywords=ssd+1tb&qid=1623945398&sr=8-245
"CORSAIR CSSD-UPGRADEKIT SSD and Hard Disk Drive (HDD) cloning kit with USB3.0 cable migration, Black",4.5 ,20.98,http://www.amazon.co.uk/CORSAIR-CSSD-UPGRADEKIT-cloning-USB3-0-migration/dp/B00CI8MT9W/ref=sr_1_246?dchild=1&keywords=ssd+1tb&qid=1623945398&sr=8-246
Asgard AN3+ - 1TB PCIe NVMe - M.2 Internal Gaming SSD ASNVP1TB3DD+1SRD Red Heat Sync R/W 3500/2500,N/A,103.21,http://www.amazon.co.uk/Asgard-AN3-Internal-Gaming-ASNVP1TB3DD/dp/B08FCSNRBJ/ref=sr_1_247?dchild=1&keywords=ssd+1tb&qid=1623945398&sr=8-247
Hypertec FirestormLite 1TB M.2 2280 NVMe PCIe Gen 3x4 SSD; M keyed,5.0 ,114.49,http://www.amazon.co.uk/Hypertec-FirestormLite-2280-NVMe-keyed/dp/B08JT9Q424/ref=sr_1_248?dchild=1&keywords=ssd+1tb&qid=1623945398&sr=8-248
"Verbatim SSD 240GB 1.8, 47442 VX500 Gen2 usb3.1 – Solid state drive",4.4 ,45.97,http://www.amazon.co.uk/Verbatim-240GB-47442-VX500-Gen2-usb3-1-Solid-state/dp/B079S1X18X/ref=sr_1_249?dchild=1&keywords=ssd+1tb&qid=1623945398&sr=8-249
"Integral Ultima Pro X 1TB SATA III 2.5” Internal SSD, Up To 550MB/s Read 530MB/s Write - For Gaming and Graphics/Video Editing",5.0 ,N/A,http://www.amazon.co.uk/Integral-Ultima-Internal-550MB-530MB/dp/B08L86TRB3/ref=sr_1_250?dchild=1&keywords=ssd+1tb&qid=1623945398&sr=8-250
TCSUNBOW 32GB SSD Small Capacity SSD 2.5 inch SATA II Internal Solid State Drive Speed Upgrade Kit for Desktop PCs and MacPro (X1 32GB),4.3 ,N/A,http://www.amazon.co.uk/TCSUNBOW-Capacity-Internal-Upgrade-Desktop/dp/B073ZB2PZY/ref=sr_1_251?dchild=1&keywords=ssd+1tb&qid=1623945398&sr=8-251
"Fledging 1TB Feather M13-S PCIe NVMe Gen 3.0x4 SSD Upgrade – DIY kit & OS Included – Compatible with Apple MacBook Air (2013-2015) & Pro (2013-2016), Mac Mini (2013) & Pro (2014), iMac (2013-2019)",4.5 ,176.49,http://www.amazon.co.uk/Feather-Standard-Upgrade-2013-2015-2013-2017/dp/B07QY9WP1X/ref=sr_1_252?dchild=1&keywords=ssd+1tb&qid=1623945398&sr=8-252
Transcend SSD MTE240S 1TB NVMe PCIe Gen4 x4,5.0 ,153.70,http://www.amazon.co.uk/Transcend-MTE240S-NVMe-PCIe-Gen4/dp/B08Z3CPBMV/ref=sr_1_253?dchild=1&keywords=ssd+1tb&qid=1623945398&sr=8-253
Kingston SUV500MS/480G SSD UV500 mSATA,4.7 ,91.11,http://www.amazon.co.uk/Kingston-SUV500MS-480G-UV500-mSATA/dp/B07C3YY66G/ref=sr_1_254?dchild=1&keywords=ssd+1tb&qid=1623945398&sr=8-254
Sabrent 4TB Rocket Q4 NVMe PCIe 4.0 M.2 2280 Internal SSD Maximum Performance Solid State Drive R/W 4900/3500 MB/s (SB-RKTQ4-4TB),4.2 ,N/A,http://www.amazon.co.uk/Sabrent-Internal-Maximum-Performance-SB-RKTQ4-4TB/dp/B08D28X4HW/ref=sr_1_255?dchild=1&keywords=ssd+1tb&qid=1623945398&sr=8-255
Patriot P300 M.2 PCIe Gen 3 x4 1TB Low-Power Consumption SSD,4.6 ,N/A,http://www.amazon.co.uk/Patriot-P300-PCIe-Low-Power-Consumption/dp/B082BX6999/ref=sr_1_256?dchild=1&keywords=ssd+1tb&qid=1623945398&sr=8-256
Patriot Viper VP4300 1TB M.2 2280 PCIe Gen4 x 4 Solid State Drive,N/A,N/A,http://www.amazon.co.uk/Patriot-Viper-VP4300-Solid-State/dp/B08YZ5V3DD/ref=sr_1_257?dchild=1&keywords=ssd+1tb&qid=1623945404&sr=8-257
PWYANG GM888 Solid State Drive 1TB Portable Internal for Mac PC Laptop Computer SSD Disk (Color : Grey),N/A,N/A,http://www.amazon.co.uk/PWYANG-Portable-Internal-Laptop-Computer/dp/B0967KMTSP/ref=sr_1_258?dchild=1&keywords=ssd+1tb&qid=1623945404&sr=8-258
"SSD 1TB SATA III (6GB/s) Notebook Desktop Laptop 2.5"" Interface Internal Solid State Drive Speed up to 550 MB/s TBW 256G 512G 1TB (1TB)",N/A,105.21,http://www.amazon.co.uk/Notebook-Desktop-Laptop-Interface-Internal/dp/B08TWR2R5S/ref=sr_1_259?dchild=1&keywords=ssd+1tb&qid=1623945404&sr=8-259
"Gigabyte UD PRO 1TB SSD 2.5"" SATA 6Gbps Solid State Drive",N/A,113.04,http://www.amazon.co.uk/Gigabyte-6Gbps-Solid-State-Drive/dp/B08CVG5MB3/ref=sr_1_260?dchild=1&keywords=ssd+1tb&qid=1623945404&sr=8-260
"Siliconpow SSD P34A80 1TB, M.2 PCIe Gen3 x4 NVMe, 3200/3000 MB/s SP001TBP34A80M28",5.0 ,164.02,http://www.amazon.co.uk/Silicon-Power-SP001TBP34A80M28-P34A80-Internal/dp/B07MV5FVMS/ref=sr_1_261?dchild=1&keywords=ssd+1tb&qid=1623945404&sr=8-261
SZKQN Wired Gamepad for Xbox One Gamepad Host for Computer with Custom RGB Beam Transparent Can Be Connected to 3.5 Channel Stereo Headphones,N/A,N/A,http://www.amazon.co.uk/SZKQN-Computer-Transparent-Connected-Headphones-Transparentred/dp/B087WSKFXD/ref=sr_1_262?dchild=1&keywords=ssd+1tb&qid=1623945404&sr=8-262
"Kingshark SSD M.2 2280 256GB Ngff Internal Solid State Drive High Performance Hard Drive for Desktop Laptop SATA III 6Gb/s Includes SSD (256GB, M.2 2280)",N/A,35.35,http://www.amazon.co.uk/Kingshark-Internal-Performance-Desktop-Laptop/dp/B084Q2XRZ8/ref=sr_1_263?dchild=1&keywords=ssd+1tb&qid=1623945404&sr=8-263
"Dogfish SSD 240GB SATA3 2.5 Inch Unidad De Estado Sólido Incorporada 7MM Height High Speed Incluye SSD 32GB 60GB 64GB 120GB 128GB 240GB 250GB 480GB 500GB 1TB (240Gb, 2.5 Inch-SATA3)",N/A,30.04,http://www.amazon.co.uk/Dogfish-Unidad-Incorporada-Incluye-Inch-SATA3/dp/B07Y1MQHCN/ref=sr_1_264?dchild=1&keywords=ssd+1tb&qid=1623945404&sr=8-264
"SSD SATA 2.5"" 1TB Dogfish Internal Solid State Drive High Performance Hard Drive for Desktop Laptop SATA III 6Gb/s Includes SSD 60GB 64GB 120GB 128GB 240GB 250GB 480GB 500GB 1TB (1T B, 2.5""-SATA3)",N/A,76.39,http://www.amazon.co.uk/SSD-Dogfish-Internal-Performance-Desktop/dp/B07W1HC7FD/ref=sr_1_265?dchild=1&keywords=ssd+1tb&qid=1623945404&sr=8-265
TC SUNBOW 128GB NVMe M.2 PCIe Solid State Drive Up to 1700MB/s Read Transfer Speeds (NVME 1TB),4.7 ,81.24,http://www.amazon.co.uk/TC-SUNBOW-1700MB-Transfer-Speeds/dp/B07YHQTHY9/ref=sr_1_266?dchild=1&keywords=ssd+1tb&qid=1623945404&sr=8-266
"Original 840 EVO SSD 1TB 2.5-Inch Hard Drive SATA III Internal Solid State Drive MZ-7TE1T0 (Bulk, No Retail Packaging)",N/A,105.37,http://www.amazon.co.uk/Original-840-EVO-MZ-7TE1T0-Packaging/dp/B08NYQDG4V/ref=sr_1_267?dchild=1&keywords=ssd+1tb&qid=1623945404&sr=8-267
KingDian 1TB PCIe NVMe M.2 2280 Internal SSD High Performance Solid State Drive,4.1 ,81.46,http://www.amazon.co.uk/KingDian-128GB-256GB-Internal-Performance/dp/B07YJHYQ22/ref=sr_1_268?dchild=1&keywords=ssd+1tb&qid=1623945404&sr=8-268
"Gigabyte AORUS NVMe SSD, PCIe 4.0 M.2 Type 2280 - 500 GB",4.7 ,N/A,http://www.amazon.co.uk/Gigabyte-AORUS-NVMe-PCIe-Type/dp/B07W85KM33/ref=sr_1_269?dchild=1&keywords=ssd+1tb&qid=1623945404&sr=8-269
Feather P12 SSD for mid 2012 to Early 2013 MacBook Pro (256GB),3.9 ,62.49,http://www.amazon.co.uk/Feather-2012-Early-MacBook-256GB/dp/B07NF8ZM55/ref=sr_1_270?dchild=1&keywords=ssd+1tb&qid=1623945404&sr=8-270
"LEVEN SSD 960GB 3D NAND TLC SATA III Internal Solid State Drive - 6 Gb/s, 2.5 inch /7mm (0.28"") - up to 560MB/s - Compatible with Laptop & PC Desktop - Retail 1 Pack - (JS300SSD960GB)",N/A,70.18,http://www.amazon.co.uk/LEVEN-Internal-Solid-State-JS300SSD/dp/B08G51ZZFV/ref=sr_1_271?dchild=1&keywords=ssd+1tb&qid=1623945404&sr=8-271
"LEVEN 120GB SSD 3D NAND TLC SATA III 6 Gb/s, 2.5""/7mm (0.28"") Internal Solid State Drive, up to 550MB/s (JS300SSD120GB)",4.6 ,28.74,http://www.amazon.co.uk/Leven-SSD-120GB-Js300-Retail/dp/B085YCMD42/ref=sr_1_272?dchild=1&keywords=ssd+1tb&qid=1623945404&sr=8-272
ADATA XPG Gammix S50 Lite 2TB SSD PCIe 4.0 x4 M.2 2280,N/A,N/A,http://www.amazon.co.uk/ADATA-Gammix-S50-Lite-PCIe/dp/B08HW4WR7C/ref=sr_1_273?dchild=1&keywords=ssd+1tb&qid=1623945410&sr=8-273
ADATA 1TB XPG GAMMIX S50 PCIe Gen4x4 M.2 2280 SSD,5.0 ,N/A,http://www.amazon.co.uk/ADATA-GAMMIX-S50-PCIe-Gen4x4/dp/B07WH4DVWR/ref=sr_1_274?dchild=1&keywords=ssd+1tb&qid=1623945410&sr=8-274
Seagate FireCuda® 1TB Interne M.2 SATA SSD 2280 Retail ZP1000GM3A002,N/A,N/A,http://www.amazon.co.uk/Seagate-FireCuda%C2%AE-Interne-Retail-ZP1000GM3A002/dp/B08VQXXL75/ref=sr_1_275?dchild=1&keywords=ssd+1tb&qid=1623945410&sr=8-275
ADATA XPG SX8100-1TB Internal Gaming Solid State Drive with PCIe Gen3x4 M.2-2280 - Black,4.2 ,110.18,http://www.amazon.co.uk/ADATA-SX8100-1-0TB-Solid-State/dp/B07YNG3K9S/ref=sr_1_276?dchild=1&keywords=ssd+1tb&qid=1623945410&sr=8-276
SK hynix Gold S31 SATA Gen3 2.5 inch Internal SSD - 500GB SATA - Up to 560MB/S - Compact 2.5” SSD Form Factor SK hynix SSD - Internal Solid State Drive,4.7 ,47.87,http://www.amazon.co.uk/SK-hynix-Gold-S31-500GB/dp/B07SK5BNM1/ref=sr_1_277?dchild=1&keywords=ssd+1tb&qid=1623945410&sr=8-277
"Seagate Game Drive for PS4, Last of Us II, 2 TB - External Hard Drive, USB 3.0, Compatible with PS4 and PS5 (STGD2000202)",4.8 ,78.90,http://www.amazon.co.uk/Seagate-Game-Drive-External-Portable/dp/B086M1WRKQ/ref=sr_1_278?dchild=1&keywords=ssd+1tb&qid=1623945410&sr=8-278
"PUSOKEI Solid State Drive SSD, Extreme Portable External SSD - Up to 70-550MB/s for OS X/XP/Win7/Win8/Win10/Linux/Laptop & PC Desktop(White 8GB)",N/A,15.49,http://www.amazon.co.uk/PUSOKEI-Solid-Extreme-Portable-External-White-8GB/dp/B0924XC41N/ref=sr_1_279?dchild=1&keywords=ssd+1tb&qid=1623945410&sr=8-279
Kingston SUV500/960G SSD UV500 SATA3 2.5 Inch Stand-Alone Drive,5.0 ,99.62,http://www.amazon.co.uk/Kingston-SUV500-UV500-SATA3-Stand-Alone/dp/B07C53S2LT/ref=sr_1_280?dchild=1&keywords=ssd+1tb&qid=1623945410&sr=8-280
"SSD/P4510 1.0TB 2.5"" PCIe 1P",N/A,271.09,http://www.amazon.co.uk/Intel-P4510-Solid-State-Drive/dp/B0764FHZMS/ref=sr_1_281?dchild=1&keywords=ssd+1tb&qid=1623945410&sr=8-281
Disque Dur SSD Emtec X250 1To (1000Go) - SATA M.2 Type 2280,N/A,104.33,http://www.amazon.co.uk/Disque-Dur-Emtec-X250-1000Go/dp/B081HSWQ5R/ref=sr_1_282?dchild=1&keywords=ssd+1tb&qid=1623945410&sr=8-282
WD_BLACK SN750 2TB High-Performance NVMe Internal Gaming SSD,4.8 ,N/A,http://www.amazon.co.uk/Black-SN750-High-Performance-Internal-Gaming/dp/B07M9VXSXG/ref=sr_1_283?dchild=1&keywords=ssd+1tb&qid=1623945410&sr=8-283
TEAMGROUP SSD Team MP33 M.2 1TB PCIe G3x4 2280,N/A,110.69,http://www.amazon.co.uk/TEAMGROUP-Team-MP33-PCIe-G3x4/dp/B08BLQV2JS/ref=sr_1_284?dchild=1&keywords=ssd+1tb&qid=1623945410&sr=8-284
Team Delta S RGB 1TB SSD,4.3 ,118.24,http://www.amazon.co.uk/TEAMGROUP-T-Force-Delta-Internal-Solid/dp/B07GZBCK7Y/ref=sr_1_285?dchild=1&keywords=ssd+1tb&qid=1623945410&sr=8-285
"WD_BLACK SN850 2TB NVMe Internal Gaming SSD; PCIe Gen4 Technology, up to 7000 MB/s read speeds, M.2 2280",4.3 ,339.98,http://www.amazon.co.uk/WD_BLACK-Internal-Gaming-Technology-speeds/dp/B08KFRFL8F/ref=sr_1_286?dchild=1&keywords=ssd+1tb&qid=1623945410&sr=8-286
Solid State Drives,5.0 ,61.58,http://www.amazon.co.uk/Intel-Solid-State-Drive-660P-Encrypted/dp/B07HJB3WLB/ref=sr_1_287?dchild=1&keywords=ssd+1tb&qid=1623945410&sr=8-287
"MICROFROM 512GB F12N NVMe Internal Gaming SSD Solid State Drive - PCIe Gen3 X4, M.2 NVMe 1.3, TCL NAND Flash, Up to Read/Write 3,500/2,300MB/s (512GB)",N/A,59.41,http://www.amazon.co.uk/MICROFROM-512GB-Internal-Gaming-Solid/dp/B093SXLGMQ/ref=sr_1_288?dchild=1&keywords=ssd+1tb&qid=1623945410&sr=8-288
WD Red 1 TB NAS SSD M.2 SATA,4.6 ,N/A,http://www.amazon.co.uk/Western-Digital-Red-1TB-SATA/dp/B07YFGXPQ2/ref=sr_1_289?dchild=1&keywords=ssd+1tb&qid=1623945416&sr=8-289
"Dpofirs SSD-H2 Laptop Desktop Solid State Hard Disk, SATA3.0 2.5 Inch SSD Drive, for WIN 98SE/ME/2000/Vista/WINXP/7/8/10/OS X8.6/OSX/Linux 2.4 or Higher(240GB)",N/A,50.89,http://www.amazon.co.uk/Dpofirs-SSD-H2-Laptop-Desktop-SATA3-0-240GB/dp/B08Y71VKF3/ref=sr_1_290?dchild=1&keywords=ssd+1tb&qid=1623945416&sr=8-290
Seagate FireCuda 120 SSD 1Tb SATA 6Gb/s,1.0 ,153.09,http://www.amazon.co.uk/FIRECUDA-120-SSD-1TB-RETAIL/dp/B088D6WBVR/ref=sr_1_291?dchild=1&keywords=ssd+1tb&qid=1623945416&sr=8-291
Feather M12 SSD Internal Upgrade (1TB) by Fledging - SATA Hard Drive for Apple MacBook Air 2012,4.0 ,163.00,http://www.amazon.co.uk/Feather-M12-Internal-Upgrade-Fledging/dp/B07F33Z2NJ/ref=sr_1_292?dchild=1&keywords=ssd+1tb&qid=1623945416&sr=8-292
Dogfish Msata 512GB Internal Solid State Drive Mini Sata SSD Disk (512GB),N/A,61.23,http://www.amazon.co.uk/Dogfish-Msata-512GB-Internal-Solid/dp/B0851ZRPCM/ref=sr_1_293?dchild=1&keywords=ssd+1tb&qid=1623945416&sr=8-293
"OWC Accelsior S PCIe Adapter for 2.5"" SATA III SSD Drives",4.6 ,40.40,http://www.amazon.co.uk/OWC-OWCSSDACL6G-S-Accelsior-Adapter-Height/dp/B00WUZPMHE/ref=sr_1_294?dchild=1&keywords=ssd+1tb&qid=1623945416&sr=8-294
"Storite Portable Gaming Drive, 3.0 USB Game Drive to Store and Save Games, External Gaming Hard Drive Compatible for XBOX, PS3, PS4, PC Games, Android Games, MAC, Windows, Smart TV (1TB)",3.8 ,N/A,http://www.amazon.co.uk/Storite-Portable-External-Compatible-Android/dp/B089VXNV9V/ref=sr_1_295?dchild=1&keywords=ssd+1tb&qid=1623945416&sr=8-295
Transcend MSA452T2 1TB Interne mSATA SSD SATA 6 Gb/s Retail TS1TMSA452T2,N/A,N/A,http://www.amazon.co.uk/Transcend-MSA452T2-Interne-Retail-TS1TMSA452T2/dp/B0912BBKXT/ref=sr_1_296?dchild=1&keywords=ssd+1tb&qid=1623945416&sr=8-296
"Kingdata SSD M.2 2280 128GB Ngff Built-in Solid State Drive high-Performance Hard Drive, Suitable for Desktop Computer SATA III 6Gb/s (128GB, M.2 2280)",N/A,26.88,http://www.amazon.co.uk/Kingdata-M-2-2280-high-Performance-Suitable/dp/B08RN7HGV5/ref=sr_1_297?dchild=1&keywords=ssd+1tb&qid=1623945416&sr=8-297
Samsung (MZ-V6E1T0BW) 1TB EVO PCI Express 3.0 x4 NVMe Solid State Drive,4.5 ,N/A,http://www.amazon.co.uk/Samsung-MZ-V6E1T0BW-Express-Solid-State/dp/B01M7P06DY/ref=sr_1_298?dchild=1&keywords=ssd+1tb&qid=1623945416&sr=8-298
Iosafe 71000-1925-1500 1TB SSD - Black,N/A,399.97,http://www.amazon.co.uk/Iosafe-71000-1925-1500-1TB-SSD-Black/dp/B0896WQMJ4/ref=sr_1_299?dchild=1&keywords=ssd+1tb&qid=1623945416&sr=8-299
Zheino M.2 SSD 2280 256GB NGFF SATA Internal 3D Nand Solid State Drive for Ultrabooks and Tablets,3.9 ,31.81,http://www.amazon.co.uk/Zheino-256GB-Internal-Ultrabooks-Tablets/dp/B07JF6BLJ6/ref=sr_1_300?dchild=1&keywords=ssd+1tb&qid=1623945416&sr=8-300
"ADATA Ultimate SU630 480GB Solid State Drive, black",4.7 ,41.98,http://www.amazon.co.uk/ADATA-Ultimate-SU630-480GB-Solid/dp/B07KQXZKBN/ref=sr_1_301?dchild=1&keywords=ssd+1tb&qid=1623945416&sr=8-301
SanDisk Ultra 3D SSD 2TB up to 560MB/s Read/up to 530MB/s Write & Amazon Basics External Hard Drive Case,N/A,198.57,http://www.amazon.co.uk/SanDisk-Ultra-Amazon-Basics-External/dp/B08KZDHMP2/ref=sr_1_302?dchild=1&keywords=ssd+1tb&qid=1623945416&sr=8-302
"Gamerking SSD M.2 2280 128GB NGFF Internal Solid State Drive High Performance Hard Drive for Desktop Laptop SATA III 6Gb/s M2 SSD (128GB, M.2-2280)…",N/A,26.77,http://www.amazon.co.uk/Gamerking-Internal-Performance-Desktop-M-2-2280/dp/B08BJNFH48/ref=sr_1_303?dchild=1&keywords=ssd+1tb&qid=1623945416&sr=8-303
OWC OWCSSD7P6G960 7 mm Mercury Extreme Pro 6G 1 TB Solid State Drive,4.0 ,209.49,http://www.amazon.co.uk/OWC-OWCSSD7P6G960-Mercury-Extreme-Solid/dp/B01CXM6ICG/ref=sr_1_304?dchild=1&keywords=ssd+1tb&qid=1623945416&sr=8-304
"ZLSU Internal hard drive SSD 2.5 inches Built-in SSD 120G / 1TB High reliability Reading speed up to 550 MB/s, shockproof (240GB)",N/A,101.00,http://www.amazon.co.uk/ZLSU-Internal-reliability-Reading-shockproof/dp/B08WWVKF4Y/ref=sr_1_306?dchild=1&keywords=ssd+1tb&qid=1623945422&sr=8-306
Casinlog 1TB NGFF M.2 SSD 2280 SATA3 Interface Solid State Drive Is Suitable for Desktop/Laptop General Hard Drives,N/A,N/A,http://www.amazon.co.uk/Casinlog-Interface-Suitable-Desktop-General-black/dp/B096P6NYFM/ref=sr_1_307?dchild=1&keywords=ssd+1tb&qid=1623945422&sr=8-307
